#YES,#NO,Item,Quantity,Position,DEFINITELY EXISTS?,ON PAGE,U,NOTES,Name
1,0,A key,1,"2569,9897,0",,,U,"In Waterfall Dungeon, which is below the surface",
1,0,A key,1,"2603,9908,0",,,U,"In Waterfall Dungeon, which is below the surface",
1,0,Address form,1,"2739,3581,1",y,"x
",,Upstairs in Sinclair's Mansion north of Camelot Castle.  Can not be picked up or telegrabbed,
9,0,Ahab's beer,1,"3049,3257,0",y,x,,,
4,0,Air rune,1,"2938,3158,0",y,x,,,snailtoes
4,0,Air rune,5,"3030,3637,0",y,x,,,
3,0,Air rune,1,"3150,3247,0",y,x,,,
8,0,Amulet mould,1,"2928,3290,0",y,x,,,
4,0,Ancestral key,1,"3432,2928,0",y,x,,,
1,0,Arcenia root,1,"3347,9754,0",,,U,digsite quest underground,Taanger
1,0,Arcenia root,1,"3347,9818,0",,,U,digsite quest underground,
1,0,Arcenia root,1,"3350,9759,0",,,U,digsite quest underground,
1,0,Arcenia root,1,"3350,9823,0",,,U,digsite quest underground,
1,0,Arcenia root,1,"3364,9764,0",,,U,digsite quest underground,
1,0,Arcenia root,1,"3364,9828,0",,,U,digsite quest underground,
1,0,Arcenia root,1,"3368,9770,0",,,U,digsite quest underground,
1,0,Arcenia root,1,"3368,9834,0",,,U,digsite quest underground,
2,0,Arctic pine logs,1,"2858,3928,0",,x,,,
2,0,Arctic pine logs,1,"2860,3923,0",,x,,,
2,0,Arctic pine logs,1,"2872,3921,0",,x,,,
2,0,Arctic pine logs,1,"2876,3920,0",,x,,,
2,0,Arctic pine logs,1,"2877,3922,0",,x,,,
6,0,Asgarnian ale,1,"2906,3538,0",y,x,,,
1,1,Ashes,1,"3088,9963,0",,,U,underground,TwisterMonkey
1,0,Ashes,1,"2206,3158,0",,x,,,TwisterMonkey
1,0,Ashes,1,"2290,3146,0",,x,,,TwisterMonkey
1,0,Ashes,1,"3094,9959,0",,,U,underground,TwisterMonkey
1,0,Ashes,1,"3442,3574,2",,,,upstairs,TwisterMonkey
1,0,Ashes,1,"3444,3573,2",,,,upstairs,TwisterMonkey
1,0,Ashes,1,"3444,3576,2",,,,upstairs,TwisterMonkey
3,1,Astronomy book,1,"2438,3187,0",y,x,,,
1,0,Attack potion(1),1,"3026,10325,0",y,x,U,,
5,0,Ball,1,"2935,3460,0",y,x,,,
4,1,Banana,1,"2907,3146,0",y,x,,,snailtoes
9,0,Banana,1,"3009,3207,0",y,x,,Requires White apron to access.,snailtoes
5,0,Barrel,1,"2487,3371,0",,x,,,
2,0,Barrel,1,"2184,3139,0",,x,,,
2,0,Barrel,1,"2189,3140,0",,x,,,
1,0,Barrel,1,"2190,3144,0",,x,,,
1,1,Barricade,1,"2372,3130,0",,x,,hfgh,
1,1,Barricade,1,"2372,3132,0",,x,,,
1,0,Barricade,1,"2376,3103,0",,x,,,
1,0,Barricade,1,"2376,3130,1",,,,upstairs,
1,0,Barricade,1,"2376,3131,1",,,,upstairs,
1,0,Barricade,1,"2380,3125,0",,x,,,
1,0,Barricade,1,"2381,3130,0",,x,,are there really no barricades on the other side of castle wars?,
6,2,Beer,1,"3077,3443,0",y,x,,,snailtoes
6,1,Beer,1,"3080,3441,0",y,x,,,snailtoes
4,1,Beer,1,"3077,3439,0",y,x,,,snailtoes
2,1,Beer,1,"1773,3683,0",,,,may have moved,
2,1,Beer,1,"1775,3679,0",,,,may have moved,
4,0,Beer,1,"1729,3618,0",,,,may have moved,
4,0,Beer,1,"1730,3614,0",,,,may have moved,
4,0,Beer,1,"2517,3378,0",,x,,,
4,0,Beer,1,"2521,3379,0",,x,,,
3,0,Beer,1,"2525,3365,0",,x,,,
3,0,Beer,1,"2796,3165,0",,x,,,
3,0,Beer,1,"2799,3156,0",,x,,,
2,0,Beer,1,"1365,3574,0",,x,,,
2,0,Beer,1,"1775,3686,0",,,,may have moved,
1,0,Beer,1,"3286,3033,1",,,,upstairs,
8,0,Beer glass,1,"3358,2955,0",,x,,,
6,0,Beer glass,1,"2907,3538,0",,x,,,
3,0,Beer glass,1,"1643,3628,0",,x,,,
3,0,Beer glass,1,"2794,3165,0",,x,,,
3,0,Beer glass,1,"2795,3160,0",,x,,,
3,0,Beer glass,1,"2795,3165,0",,x,,,
3,0,Beer glass,1,"2798,3156,0",,x,,,
3,0,Beer glass,1,"2798,3160,0",,x,,,
3,0,Beer glass,1,"2798,3161,0",,x,,,
3,0,Beer glass,1,"2799,3155,0",,x,,,
1,0,Beer glass,1,"2563,2867,1",,,,upstairs,
7,0,Beer tankard,1,"2658,3676,0",y,x,,,
2,1,Big bones,1,"3214,3733,0",,x,,,
1,1,Big bones,1,"2948,3820,0",,x,,,
2,0,Big bones,1,"3220,3746,0",,x,,,
2,0,Big bones,1,"3226,3745,0",,x,,,
2,0,Big bones,1,"3243,3742,0",,x,,,
2,0,Big bones,1,"3253,3736,0",,x,,,
2,0,Big bones,1,"3263,3735,0",,x,,,
1,0,Big bones,1,"2767,3855,0",,x,,,
1,1,Big fishing net,1,"1755,3803,0",y,x,,TwisterMonkey,
7,0,Big fishing net,1,"2605,3395,0",y,x,,TwisterMonkey,
1,0,Black cog,1,"2613,9639,0",y,FALSE,U,underground,
2,0,Black dagger,1,"3180,3824,0",y,x,,j,
1,0,Black scimitar,1,"2572,3284,1",y,,,,
2,0,Blood rune,1,"3297,3890,0",,x,,TwisterMonkey,
1,0,Blood rune,1,"3283,3819,0",,x,,TwisterMonkey,
1,0,Blood rune,1,"3290,3806,0",,x,,TwisterMonkey,
1,0,Blood rune,1,"3305,3816,0",,x,,TwisterMonkey,
3,0,Bloody bracer,1,"3749,3295,0",y,x,,,
1,0,Bloody grimoire,1,"3722,9733,0",y,,U,underground,
1,0,Blue cog,1,"2574,9633,0",y,,U,underground,
1,1,Blue dragon scale,1,"2912,9786,0",n,n,U,underground - bassieboy101,
2,0,Blue dragon scale,1,"1925,8984,1",n,n,U,cant find it - bassieboy101,
2,0,Blue dragon scale,1,"1927,8990,1",n,n,U,cant find it - bassieboy101,
2,0,Blue dragon scale,1,"2902,9784,0",n,n,U,underground - bassieboy101,
2,0,Blue dragon scale,1,"2902,9806,0",n,n,U,underground - bassieboy101,
2,0,Blue dragon scale,1,"2905,9778,0",n,n,U,underground - bassieboy101,
2,0,Blue dragon scale,1,"2905,9801,0",n,n,U,underground - bassieboy101,
2,0,Blue dragon scale,1,"2906,9796,0",n,n,U,underground - bassieboy101,
2,0,Blue dragon scale,1,"2908,9789,0",n,n,U,underground - bassieboy101,
2,0,Blue dragon scale,1,"2908,9805,0",n,n,U,underground - bassieboy101,
2,0,Blue dragon scale,1,"2910,9782,0",n,n,U,underground - bassieboy101,
2,0,Blue dragon scale,1,"2910,9809,0",n,n,U,underground - bassieboy101,
1,0,Blue dragon scale,1,"1922,8967,1",n,n,U,cant find it - bassieboy101,
1,0,Blue dragon scale,1,"1923,8970,1",n,n,U,cant find it - bassieboy101,
1,0,Blue dragon scale,1,"1928,8964,1",n,n,U,cant find it - bassieboy101,
1,0,Blue dragon scale,1,"1932,8965,1",n,n,U,cant find it - bassieboy101,
1,0,Blue dragon scale,1,"2919,9787,0",n,n,U,underground - bassieboy101,
1,0,Blue dragon scale,1,"2924,9791,0",n,n,U,underground - bassieboy101,
1,0,Blue hat,1,"2379,4712,0",y,,U,upstairs,
9,2,Body rune,2,"3194,3495,0",y,y,,arsonistick,
1,1,Body rune,2,"3223,3583,0",y,y,,arsonistick,
4,0,Body rune,5,"3021,3637,0",y,y,,arsonistick,
2,0,Body rune,15,"3091,3865,0",y,y,,arsonistick,
1,0,Body rune,1,"3226,9910,0",,,U,underground,
1,0,Body rune,2,"3229,3566,0",y,y,,arsonistick,
1,0,Body rune,2,"3232,3574,0",y,y,,,
1,0,Body rune,1,"3290,3191,1",y,,,1st floor,
2,2,Bones,1,"2584,3140,0",,x,,,
1,2,Bones,1,"2617,3173,0",,x,,,
1,2,Bones,1,"2984,3683,0",,x,,,
1,2,Bones,1,"3019,3594,0",,x,,,
5,1,Bones,1,"2516,3084,0",,x,,,
5,1,Bones,1,"2682,3729,0",,x,,,
3,1,Bones,1,"2509,3084,0",,x,,,
3,1,Bones,1,"2510,3080,0",,x,,,
3,1,Bones,1,"2510,3088,0",,x,,,
3,1,Bones,1,"2511,3114,0",,x,,,
3,1,Bones,1,"2574,3035,0",,x,,,
2,1,Bones,1,"2484,3221,0",,x,,,
2,1,Bones,1,"2513,3020,0",,x,,,
2,1,Bones,1,"2513,3021,0",,x,,,
2,1,Bones,1,"2514,3020,0",,x,,,
2,1,Bones,1,"2515,3020,0",,x,,,
2,1,Bones,1,"2618,3172,0",,x,,,
2,1,Bones,1,"2999,3702,0",,x,,,
2,1,Bones,1,"3209,3740,0",,x,,,
1,1,Bones,1,"2362,9404,0",,,U,underground,
1,1,Bones,1,"2615,9415,0",,,U,underground,
1,1,Bones,1,"2615,9438,0",,,U,underground,
1,1,Bones,1,"2615,9442,0",,,U,underground,
1,1,Bones,1,"2616,9443,0",,,U,underground,
1,1,Bones,1,"2617,9440,0",,,U,underground,
1,1,Bones,1,"2617,9446,0",,,U,underground,
1,1,Bones,1,"2978,3841,0",,x,,,
1,1,Bones,1,"3018,3511,0",,x,,,
1,1,Bones,1,"3018,3513,0",,x,,,
1,1,Bones,1,"3106,9514,0",,,U,underground,
1,1,Bones,1,"3106,9518,0",,,U,underground,
1,1,Bones,1,"3108,9519,0",,,U,underground,
1,1,Bones,1,"3108,9520,0",,,U,underground,
1,1,Bones,1,"3140,3093,0",,TRUE,,,
1,1,Bones,1,"3241,3613,0",,TRUE,,,
6,0,Bones,1,"2675,3719,0",y,,,North of Relekka; beware of the rock crabs!,
4,0,Bones,1,"2513,3085,0",,TRUE,,,
4,0,Bones,1,"2571,3030,0",,TRUE,,,
4,0,Bones,1,"2577,3029,0",,TRUE,,,
4,0,Bones,1,"3232,3948,0",,TRUE,,,
4,0,Bones,1,"3237,3938,0",,TRUE,,,
3,0,Bones,1,"2476,3224,0",,TRUE,,,
3,0,Bones,1,"2480,3219,0",,TRUE,,,
3,0,Bones,1,"2505,3114,0",,TRUE,,,
3,0,Bones,1,"2507,3116,0",,TRUE,,,
3,0,Bones,1,"2508,3086,0",,TRUE,,,
3,0,Bones,1,"2541,3028,0",,TRUE,,,
3,0,Bones,1,"2542,3027,0",,TRUE,,,
3,0,Bones,1,"2545,3031,0",,TRUE,,,
3,0,Bones,1,"2548,3044,0",,TRUE,,,
3,0,Bones,1,"2549,3043,0",,TRUE,,,
3,0,Bones,1,"2551,3042,0",,TRUE,,,
3,0,Bones,1,"2571,3036,0",,TRUE,,,
3,0,Bones,1,"2978,3763,0",,TRUE,,,
3,0,Bones,1,"2980,3764,0",,TRUE,,,
3,0,Bones,1,"2992,3920,0",y,y,,eggjar,
3,0,Bones,1,"2994,3924,0",y,y,,eggjar,
3,0,Bones,1,"2995,3922,0",y,y,,eggjar,
3,0,Bones,1,"3002,3922,0",y,y,,eggjar,
3,0,Bones,1,"3004,3923,0",y,y,,eggjar,
3,0,Bones,1,"3100,3697,0",,TRUE,,,
3,0,Bones,1,"3103,3688,0",,TRUE,,,
3,0,Bones,1,"3112,3686,0",,TRUE,,,
3,0,Bones,1,"3112,3695,0",,TRUE,,,
3,0,Bones,1,"3117,3696,0",,TRUE,,,
3,0,Bones,1,"3182,3722,0",,TRUE,,,
3,0,Bones,1,"3184,3728,0",,TRUE,,,
3,0,Bones,1,"3250,3953,0",,TRUE,,,
3,0,Bones,1,"3354,3426,0",,TRUE,,,
3,0,Bones,1,"3357,3428,0",,TRUE,,,
3,0,Bones,1,"3361,3411,0",,TRUE,,,
3,0,Bones,1,"3368,3411,0",,TRUE,,,
3,0,Bones,1,"3369,3412,0",,TRUE,,,
3,0,Bones,1,"3714,3368,0",,TRUE,,,
3,0,Bones,1,"3718,3349,0",,TRUE,,,
3,0,Bones,1,"3720,3373,0",,TRUE,,,
3,0,Bones,1,"3723,3344,0",,TRUE,,,
3,0,Bones,1,"3731,3347,0",,TRUE,,,
3,0,Bones,1,"3736,3351,0",,TRUE,,,
2,0,Bones,1,"1353,3781,0",,TRUE,,,
2,0,Bones,1,"1353,3787,0",,TRUE,,,
2,0,Bones,1,"1478,3533,0",,TRUE,,,
2,0,Bones,1,"1481,3530,0",,TRUE,,,
2,0,Bones,1,"1482,3536,0",,TRUE,,,
2,0,Bones,1,"1483,3532,0",,TRUE,,,
2,0,Bones,1,"1497,3425,0",,TRUE,,,
2,0,Bones,1,"2307,9397,0",,TRUE,U,,
2,0,Bones,1,"2308,9345,0",,TRUE,U,,
2,0,Bones,1,"2308,9347,0",,TRUE,U,,
2,0,Bones,1,"2309,9396,0",,TRUE,U,,
2,0,Bones,1,"2310,9346,0",,TRUE,U,,
2,0,Bones,1,"2311,9345,0",,TRUE,U,,
2,0,Bones,1,"2326,9357,0",,TRUE,U,,
2,0,Bones,1,"2326,9359,0",,TRUE,U,,
2,0,Bones,1,"2327,9357,0",,TRUE,U,,
2,0,Bones,1,"2327,9405,0",,TRUE,U,,
2,0,Bones,1,"2329,9399,0",,TRUE,U,,
2,0,Bones,1,"2331,9375,0",,TRUE,U,,
2,0,Bones,1,"2337,9393,0",,TRUE,U,,
2,0,Bones,1,"2339,9396,0",,TRUE,U,,
2,0,Bones,1,"2348,9359,0",,TRUE,U,,
2,0,Bones,1,"2349,9361,0",,TRUE,U,,
2,0,Bones,1,"2350,9360,0",,TRUE,U,,
2,0,Bones,1,"2359,9385,0",,TRUE,U,,
2,0,Bones,1,"2363,9355,0",,TRUE,U,,
2,0,Bones,1,"2365,9351,0",,TRUE,U,,
2,0,Bones,1,"2365,9354,0",,TRUE,U,,
2,0,Bones,1,"2453,3230,0",,TRUE,,,
2,0,Bones,1,"2455,3220,0",,TRUE,,,
2,0,Bones,1,"2456,3230,0",,TRUE,,,
2,0,Bones,1,"2456,3234,0",,TRUE,,,
2,0,Bones,1,"2457,3224,0",,TRUE,,,
2,0,Bones,1,"2459,3222,0",,TRUE,,,
2,0,Bones,1,"2461,3230,0",,TRUE,,,
2,0,Bones,1,"2466,3226,0",,TRUE,,,
2,0,Bones,1,"2470,3217,0",,TRUE,,,
2,0,Bones,1,"2470,3223,0",,TRUE,,,
2,0,Bones,1,"2512,3021,0",,TRUE,,,
2,0,Bones,1,"2512,3023,0",,TRUE,,,
2,0,Bones,1,"2522,2983,0",,TRUE,,,
2,0,Bones,1,"2552,2984,0",,TRUE,,,
2,0,Bones,1,"2552,2986,0",,TRUE,,,
2,0,Bones,1,"2601,2959,0",,TRUE,,,
2,0,Bones,1,"2634,9454,0",,TRUE,U,,
2,0,Bones,1,"2739,9097,0",,TRUE,U,,
2,0,Bones,1,"2904,9826,0",,TRUE,U,,
2,0,Bones,1,"2906,9823,0",,TRUE,U,,
2,0,Bones,1,"2906,9825,0",,TRUE,U,,
2,0,Bones,1,"2907,9824,0",,TRUE,U,,
2,0,Bones,1,"2908,9794,0",,TRUE,U,,
2,0,Bones,1,"2910,9797,0",,TRUE,U,,
2,0,Bones,1,"2910,9825,0",,TRUE,U,,
2,0,Bones,1,"2962,3697,0",,TRUE,,,
2,0,Bones,1,"2969,3689,0",,TRUE,,,
2,0,Bones,1,"3085,9802,0",,TRUE,U,,
2,0,Bones,1,"3216,3741,0",,TRUE,,,
2,0,Bones,1,"3216,3748,0",,TRUE,,,
2,0,Bones,1,"3218,3739,0",,TRUE,,,
2,0,Bones,1,"3220,3738,0",,TRUE,,,
2,0,Bones,1,"3220,3741,0",,TRUE,,,
2,0,Bones,1,"3222,3744,0",,TRUE,,,
2,0,Bones,1,"3224,3746,0",,TRUE,,,
2,0,Bones,1,"3225,3740,0",,TRUE,,,
2,0,Bones,1,"3227,3742,0",,TRUE,,,
2,0,Bones,1,"3229,3747,0",,TRUE,,,
2,0,Bones,1,"3232,3605,0",,TRUE,,,
2,0,Bones,1,"3233,3605,0",,TRUE,,,
2,0,Bones,1,"3234,3608,0",,TRUE,,,
2,0,Bones,1,"3235,3603,0",,TRUE,,,
2,0,Bones,1,"3235,3605,0",,TRUE,,,
2,0,Bones,1,"3235,3607,0",,TRUE,,,
2,0,Bones,1,"3236,3604,0",,TRUE,,,
2,0,Bones,1,"3236,3749,0",,TRUE,,,
2,0,Bones,1,"3237,3603,0",,TRUE,,,
2,0,Bones,1,"3237,3604,0",,TRUE,,,
2,0,Bones,1,"3237,3611,0",,TRUE,,,
2,0,Bones,1,"3238,3603,0",,TRUE,,,
2,0,Bones,1,"3239,3604,0",,TRUE,,,
2,0,Bones,1,"3239,3606,0",,TRUE,,,
2,0,Bones,1,"3242,3741,0",,TRUE,,,
2,0,Bones,1,"3244,3611,0",,TRUE,,,
2,0,Bones,1,"3246,3615,0",,TRUE,,,
2,0,Bones,1,"3247,3740,0",,TRUE,,,
2,0,Bones,1,"3247,3743,0",,TRUE,,,
2,0,Bones,1,"3249,3744,0",,TRUE,,,
2,0,Bones,1,"3251,3736,0",,TRUE,,,
2,0,Bones,1,"3252,3738,0",,TRUE,,,
2,0,Bones,1,"3257,3743,0",,TRUE,,,
2,0,Bones,1,"3259,3735,0",,TRUE,,,
2,0,Bones,1,"3264,3728,0",,TRUE,,,
2,0,Bones,1,"3265,3732,0",,TRUE,,,
2,0,Bones,1,"3268,3730,0",,TRUE,,,
2,0,Bones,1,"3268,3736,0",,TRUE,,,
2,0,Bones,1,"3269,3728,0",,TRUE,,,
2,0,Bones,1,"3270,3724,0",,TRUE,,,
2,0,Bones,1,"3272,3730,0",,TRUE,,,
2,0,Bones,1,"3275,3727,0",,TRUE,,,
2,0,Bones,1,"3275,3729,0",,TRUE,,,
2,0,Bones,1,"3276,3726,0",,TRUE,,,
2,0,Bones,1,"3278,3725,0",,TRUE,,,
2,0,Bones,1,"3280,3724,0",,TRUE,,,
2,0,Bones,1,"3280,3726,0",,TRUE,,,
1,0,Bones,1,"10312,2771,0",,TRUE,U,,
1,0,Bones,1,"1346,3792,0",,TRUE,,,
1,0,Bones,1,"1347,3787,0",,TRUE,,,
1,0,Bones,1,"1442,3583,0",,TRUE,,,
1,0,Bones,1,"2485,2926,0",,TRUE,,,
1,0,Bones,1,"2489,2922,0",,TRUE,,,
1,0,Bones,1,"2490,2929,0",,TRUE,,,
1,0,Bones,1,"2493,2926,0",,TRUE,,,
1,0,Bones,1,"2496,2954,0",,TRUE,,,
1,0,Bones,1,"2499,2958,0",,TRUE,,,
1,0,Bones,1,"2501,9427,0",,TRUE,U,,
1,0,Bones,1,"2503,3118,0",,TRUE,,,
1,0,Bones,1,"2503,9425,0",,TRUE,U,,
1,0,Bones,1,"2504,9427,0",,TRUE,U,,
1,0,Bones,1,"2505,9447,0",,TRUE,U,,
1,0,Bones,1,"2506,2952,0",,TRUE,,,
1,0,Bones,1,"2506,9448,0",,TRUE,U,,
1,0,Bones,1,"2507,9447,0",,TRUE,U,,
1,0,Bones,1,"2508,2982,0",,TRUE,,,
1,0,Bones,1,"2508,9447,0",,TRUE,U,,
1,0,Bones,1,"2508,9449,0",,TRUE,U,,
1,0,Bones,1,"2512,2982,0",,TRUE,,,
1,0,Bones,1,"2512,9448,0",,TRUE,U,,
1,0,Bones,1,"2531,9461,0",,TRUE,U,,
1,0,Bones,1,"2532,9464,0",,TRUE,U,,
1,0,Bones,1,"2533,9462,0",,TRUE,U,,
1,0,Bones,1,"2535,9464,0",,TRUE,U,,
1,0,Bones,1,"2542,2983,0",,TRUE,,,
1,0,Bones,1,"2580,9732,0",,TRUE,U,,
1,0,Bones,1,"2580,9741,0",,TRUE,U,,
1,0,Bones,1,"2584,9732,0",,TRUE,U,,
1,0,Bones,1,"2584,9743,0",,TRUE,U,,
1,0,Bones,1,"2586,9732,0",,TRUE,U,,
1,0,Bones,1,"2589,9731,0",,TRUE,U,,
1,0,Bones,1,"2590,9731,0",,TRUE,U,,
1,0,Bones,1,"2590,9736,0",,TRUE,U,,
1,0,Bones,1,"2592,9740,0",,TRUE,U,,
1,0,Bones,1,"2603,2964,0",,TRUE,,,
1,0,Bones,1,"2603,2968,0",,TRUE,,,
1,0,Bones,1,"2607,2964,0",,TRUE,,,
1,0,Bones,1,"2613,9441,0",,,U,underground,
1,0,Bones,1,"2614,9417,0",,,U,underground,
1,0,Bones,1,"2636,9418,0",,,U,underground,
1,0,Bones,1,"2637,9430,0",,,U,underground,
1,0,Bones,1,"2644,9460,0",,,U,underground,
1,0,Bones,1,"2653,9421,0",,,U,underground,
1,0,Bones,1,"2659,9456,0",,,U,underground,
1,0,Bones,1,"2669,9428,0",,,U,underground,
1,0,Bones,1,"2670,9419,0",,,U,underground,
1,0,Bones,1,"2670,9463,0",,,U,underground,
1,0,Bones,1,"2670,9821,0",,,U,underground - Temple of Ikov,
1,0,Bones,1,"2671,9831,0",,,U,underground - Temple of Ikov,
1,0,Bones,1,"2672,9823,0",,,U,underground - Temple of Ikov,
1,0,Bones,1,"2673,9822,0",,,U,underground - Temple of Ikov,
1,0,Bones,1,"2673,9829,0",,,U,underground - Temple of Ikov,
1,0,Bones,1,"2677,9431,0",,,U,underground - Temple of Ikov,
1,0,Bones,1,"2677,9462,0",,,U,underground,
1,0,Bones,1,"2679,9442,0",,,U,underground,
1,0,Bones,1,"2709,9116,0",,,U,underground - Ape Atoll,
1,0,Bones,1,"2719,9097,0",,,U,underground - Ape Atoll,
1,0,Bones,1,"2719,9120,0",,,U,underground - Ape Atoll,
1,0,Bones,1,"2722,9110,0",,,U,underground - Ape Atoll,
1,0,Bones,1,"2729,9116,0",,,U,underground - Ape Atoll,
1,0,Bones,1,"2730,9106,0",,,U,underground - Ape Atoll,
1,0,Bones,1,"2732,9093,0",,,U,underground - Ape Atoll,
1,0,Bones,1,"2776,3781,0",,TRUE,,,
1,0,Bones,1,"2829,9564,0",,,U,underground - Karamja Dungeon,
1,0,Bones,1,"2829,9764,0",,TRUE,U,,
1,0,Bones,1,"2830,9565,0",,,U,underground - Karamja Dungeon,
1,0,Bones,1,"2831,9766,0",,TRUE,U,,
1,0,Bones,1,"2854,10338,0",,TRUE,U,,
1,0,Bones,1,"2855,10333,0",,TRUE,U,,
1,0,Bones,1,"2857,9746,0",,TRUE,U,,
1,0,Bones,1,"2857,9751,0",,TRUE,U,,
1,0,Bones,1,"2859,9746,0",,TRUE,U,,
1,0,Bones,1,"2900,9113,0",,TRUE,U,,
1,0,Bones,1,"2902,9125,0",,TRUE,U,,
1,0,Bones,1,"2903,9133,0",,TRUE,U,,
1,0,Bones,1,"2904,9113,0",,TRUE,U,,
1,0,Bones,1,"2904,9121,0",,TRUE,U,,
1,0,Bones,1,"2905,9136,0",,TRUE,U,,
1,0,Bones,1,"2906,9109,0",,TRUE,U,,
1,0,Bones,1,"2907,9127,0",,TRUE,U,,
1,0,Bones,1,"2907,9134,0",,TRUE,U,,
1,0,Bones,1,"2909,9118,0",,TRUE,U,,
1,0,Bones,1,"2911,9110,0",,TRUE,U,,
1,0,Bones,1,"2911,9130,0",,TRUE,U,,
1,0,Bones,1,"2913,9139,0",,TRUE,U,,
1,0,Bones,1,"2914,9125,0",,TRUE,U,,
1,0,Bones,1,"2914,9796,0",,TRUE,U,,
1,0,Bones,1,"2915,9108,0",,TRUE,U,,
1,0,Bones,1,"2916,9115,0",,TRUE,U,,
1,0,Bones,1,"2916,9132,0",,TRUE,U,,
1,0,Bones,1,"2917,9796,0",,TRUE,U,,
1,0,Bones,1,"2919,9112,0",,TRUE,U,,
1,0,Bones,1,"2919,9135,0",,TRUE,U,,
1,0,Bones,1,"2920,9123,0",,TRUE,U,,
1,0,Bones,1,"2924,9801,0",,TRUE,U,,
1,0,Bones,1,"2924,9804,0",,TRUE,U,,
1,0,Bones,1,"2925,3251,2",,TRUE,,,
1,0,Bones,1,"2926,9801,0",,TRUE,U,,
1,0,Bones,1,"2927,9805,0",,TRUE,U,,
1,0,Bones,1,"2929,9807,0",,TRUE,U,,
1,0,Bones,1,"2930,9794,0",,TRUE,U,,
1,0,Bones,1,"2932,9792,0",,TRUE,U,,
1,0,Bones,1,"2935,9799,0",,TRUE,U,,
1,0,Bones,1,"2938,9792,0",,TRUE,U,,
1,0,Bones,1,"2938,9796,0",,TRUE,U,,
1,0,Bones,1,"2966,9772,0",,TRUE,U,,
1,0,Bones,1,"2968,9771,0",,TRUE,U,,
1,0,Bones,1,"2999,10340,0",,TRUE,U,,
1,0,Bones,1,"3002,10343,0",,TRUE,U,,
1,0,Bones,1,"3003,10340,0",,TRUE,U,,
1,0,Bones,1,"3005,10343,0",,TRUE,U,,
1,0,Bones,1,"3087,9800,0",,TRUE,U,,
1,0,Bones,1,"3093,9879,0",,TRUE,U,,
1,0,Bones,1,"3093,9884,0",,TRUE,U,,
1,0,Bones,1,"3094,9906,0",,TRUE,U,,
1,0,Bones,1,"3097,9801,0",,TRUE,U,,
1,0,Bones,1,"3097,9901,0",,TRUE,U,,
1,0,Bones,1,"3098,9886,0",,TRUE,U,,
1,0,Bones,1,"3101,9825,0",,TRUE,U,,
1,0,Bones,1,"3103,9953,0",,TRUE,U,,
1,0,Bones,1,"3104,9950,0",,TRUE,U,,
1,0,Bones,1,"3107,9823,0",,TRUE,U,,
1,0,Bones,1,"3109,9823,0",,TRUE,U,,
1,0,Bones,1,"3110,9825,0",,TRUE,U,,
1,0,Bones,1,"3110,9952,0",,TRUE,U,,
1,0,Bones,1,"3110,9958,0",,TRUE,U,,
1,0,Bones,1,"3111,9959,0",,TRUE,U,,
1,0,Bones,1,"3112,9956,0",,TRUE,U,,
1,0,Bones,1,"3116,9891,0",,TRUE,U,,
1,0,Bones,1,"3116,9950,0",,TRUE,U,,
1,0,Bones,1,"3119,9894,0",,TRUE,U,,
1,0,Bones,1,"3120,9894,0",,TRUE,U,,
1,0,Bones,1,"3122,9891,0",,TRUE,U,,
1,0,Bones,1,"3127,9957,0",,TRUE,U,,
1,0,Bones,1,"3138,9880,0",,TRUE,U,,
1,0,Bones,1,"3141,9879,0",,TRUE,U,,
1,0,Bones,1,"3142,9880,0",,TRUE,U,,
1,0,Bones,1,"3143,9878,0",,TRUE,U,,
1,0,Bones,1,"3173,9903,0",,TRUE,U,,
1,0,Bones,1,"3251,3749,0",,TRUE,,,
1,0,Bones,1,"3268,3660,0",,TRUE,,,
1,0,Bones,1,"3271,3658,0",,TRUE,,,
1,0,Bones,1,"3273,3660,0",,TRUE,,,
1,0,Bones,1,"3273,3664,0",,TRUE,,,
1,0,Bones,1,"3278,3657,0",,TRUE,,,
1,0,Bones,1,"3279,3659,0",,TRUE,,,
1,0,Bones,1,"3280,3657,0",,TRUE,,,
1,0,Bones,1,"3280,3658,0",,TRUE,,,
1,0,Bones,1,"3280,9415,0",,TRUE,U,,
1,0,Bones,1,"3281,3658,0",,TRUE,,,
1,0,Bones,1,"3364,9749,0",,TRUE,U,,
1,0,Bones,1,"3364,9813,0",,TRUE,U,,
1,0,Bones,1,"3366,9748,0",,TRUE,U,,
1,0,Bones,1,"3366,9812,0",,TRUE,U,,
1,0,Bones,1,"3367,9750,0",,TRUE,U,,
1,0,Bones,1,"3367,9814,0",,TRUE,U,,
1,0,Bones,1,"3368,9752,0",,TRUE,U,,
1,0,Bones,1,"3368,9816,0",,TRUE,U,,
1,0,Bones,1,"3371,9752,0",,TRUE,U,,
1,0,Bones,1,"3371,9816,0",,TRUE,U,,
1,0,Bones,1,"3375,9757,0",,TRUE,U,,
1,0,Bones,1,"3375,9821,0",,TRUE,U,,
1,0,Bones,1,"3383,9752,0",,TRUE,U,,
1,0,Bones,1,"3383,9755,0",,TRUE,U,,
1,0,Bones,1,"3383,9816,0",,TRUE,U,,
1,0,Bones,1,"3383,9819,0",,TRUE,U,,
1,0,Bones,1,"3384,9748,0",,TRUE,U,,
1,0,Bones,1,"3384,9753,0",,TRUE,U,,
1,0,Bones,1,"3384,9812,0",,TRUE,U,,
1,0,Bones,1,"3385,9747,0",,TRUE,U,,
1,0,Bones,1,"3385,9811,0",,TRUE,U,,
1,0,Bones,1,"3421,9933,3",,TRUE,U,,
1,0,Bones,1,"3422,9936,3",,TRUE,U,,
1,0,Bones,1,"3425,9935,3",,TRUE,U,,
1,0,Boots of lightness,1,"2654,9767,0",y,,U,underground,
9,0,Bowl,1,"3208,3214,0",y,x,,,snailtoes
5,0,Bowl,1,"1768,3589,0",,,,,
4,0,Bowl,1,"2667,3387,0",,y,,,TindalosKP
2,0,Bowl,1,"3140,3452,1",,,,,
1,0,Bowl,1,"2816,3351,1",,,,,
2,1,Bowl of water,1,"1639,3572,0",,,,,TwisterMonkey
3,0,Bowl of water,1,"3291,3034,0",,,,,TwisterMonkey
1,0,Bowl of water,1,"3703,3331,1",,,,,TwisterMonkey
1,0,Bowl of water,1,"3742,3334,1",,,,,TwisterMonkey
8,0,Bracelet mould,1,"2928,3289,0",y,x,,,
1,0,Brass key,1,"3131,9862,0",y,TRUE,U,underground,Faustas
2,0,Brass necklace,1,"3191,9820,0",y,TRUE,U,underground,Faustas
1,0,Brass necklace,1,"3122,9881,0",y,TRUE,U,underground,Faustas
1,0,Bread,1,"2023,8994,1",,,U,undergound somewhere,
1,0,Bread,1,"2032,9002,1",,,U,undergound somewhere,
1,0,Bread,1,"2033,8978,1",,,U,undergound somewhere,
1,0,Bread,1,"2037,8980,1",,,U,undergound somewhere,
1,0,Bread,1,"2564,9670,0",,,U,undergound somewhere,
2,0,Brewin' guide,1,"3804,3010,0",y,x,,Trouble Brewing Minigame Area - Rwd,
2,0,Brewin' guide,1,"3812,3017,0",y,x,,Trouble Brewing Minigame Area - Rwd,
2,0,Brewin' guide,1,"3813,3014,0",y,x,,Trouble Brewing Minigame Area - Rwd,
2,0,Brewin' guide,1,"3818,2998,0",y,x,,Trouble Brewing Minigame Area - Rwd,
2,0,Brewin' guide,1,"3818,3010,0",y,x,,Trouble Brewing Minigame Area - Rwd,
2,0,Brewin' guide,1,"3823,3001,0",y,x,,Trouble Brewing Minigame Area - Rwd,
3,1,Broken arrow,1,"1358,3699,0",,,,,TwisterMonkey
5,0,Broken arrow,1,"2657,3424,0",,,,,TwisterMonkey
5,0,Broken arrow,1,"2665,3424,0",,,,,TwisterMonkey
5,0,Broken arrow,1,"2668,3419,0",,,,,TwisterMonkey
5,0,Broken arrow,1,"2670,3424,0",,,,,TwisterMonkey
5,0,Broken arrow,1,"2670,3437,0",,,,,TwisterMonkey
5,0,Broken arrow,1,"2672,3421,0",,,,,TwisterMonkey
5,0,Broken arrow,1,"2673,3428,0",,,,,TwisterMonkey
5,0,Broken arrow,1,"2676,3431,0",,,,,TwisterMonkey
5,0,Broken arrow,1,"2677,3422,0",,,,,TwisterMonkey
5,0,Broken arrow,1,"2677,3425,0",,,,,TwisterMonkey
3,0,Broken arrow,1,"1346,3706,0",,,,,TwisterMonkey
3,0,Broken arrow,1,"1349,3694,0",,,,,TwisterMonkey
3,0,Broken arrow,1,"1356,3710,0",,,,,TwisterMonkey
3,0,Broken arrow,1,"1362,3725,0",,,,,TwisterMonkey
3,0,Broken arrow,1,"1368,3714,0",,,,,TwisterMonkey
3,0,Broken arrow,1,"1373,3726,0",,,,,TwisterMonkey
3,0,Broken arrow,1,"1375,3718,0",,,,,TwisterMonkey
3,0,Broken arrow,1,"2573,3056,0",,,,,TwisterMonkey
3,0,Broken arrow,1,"2576,3051,0",,,,,TwisterMonkey
2,0,Broken arrow,1,"1385,3725,0",,,,,TwisterMonkey
2,0,Broken arrow,1,"1402,3699,0",,,,,TwisterMonkey
2,0,Broken arrow,1,"2667,3425,2",,,,,TwisterMonkey
2,0,Broken arrow,1,"2667,3427,2",,,,,TwisterMonkey
2,0,Broken arrow,1,"2669,3431,2",,,,,TwisterMonkey
1,0,Broken arrow,1,"1387,3713,0",,,,,TwisterMonkey
1,0,Broken arrow,1,"1396,3718,0",,,,,TwisterMonkey
1,0,Broken arrow,1,"1397,3708,0",,,,,TwisterMonkey
1,0,Broken arrow,1,"2643,9853,0",,,U,,TwisterMonkey
1,0,Broken arrow,1,"2644,9851,0",,,U,,TwisterMonkey
1,0,Broken arrow,1,"2649,9854,0",,,U,,TwisterMonkey
2,0,Broken fishing rod,1,"2984,3112,0",y,x,,,
1,1,Broken glass,1,"2915,10224,0",,,U,underground,
3,0,Broken glass,1,"3734,3358,0",,,,,TwisterMonkey
2,0,Broken glass,1,"2766,3277,0",,,,,TwisterMonkey
2,0,Broken glass,1,"2766,3289,0",,,,,TwisterMonkey
2,0,Broken glass,1,"2911,10223,0",,,U,underground,
2,0,Broken glass,1,"2912,10221,0",,,U,underground,
2,0,Broken glass,1,"2913,10222,0",,,U,underground,
2,0,Broken glass,1,"2915,10220,0",,,U,underground,
2,0,Broken glass,1,"2916,10222,0",,,U,underground,
1,0,Broken glass,1,"1591,3528,2",,,,,TwisterMonkey
1,0,Broken glass,1,"1594,3530,2",,,,,TwisterMonkey
1,0,Broken glass,1,"1680,3680,2",,,,,TwisterMonkey
1,0,Broken glass,1,"2913,10225,0",,,U,underground,
1,0,Broken glass,1,"2914,10225,0",,,U,underground,
1,0,Broken glass,1,"3715,3356,1",,,,,TwisterMonkey
1,0,Broken glass,1,"3717,3360,1",,,,,TwisterMonkey
1,0,Broken glass,1,"3721,3358,1",,,,,TwisterMonkey
1,0,Broken pole,1,"2770,3676,0",y,y,,,
4,1,Bronze arrow,1,"2680,3424,0",,y,,,TindalosKP
2,1,Bronze arrow,1,"1589,3684,0",,y,,,TindalosKP
2,1,Bronze arrow,1,"3391,3087,0",,y,,,TindalosKP
8,0,Bronze arrow,1,"3205,3227,0",x,y,,,
7,0,Bronze arrow,2,"2944,3332,0",,y,,,TindalosKP
5,0,Bronze arrow,1,"2678,3426,0",,y,,,TindalosKP
5,0,Bronze arrow,1,"2957,3205,0",y,y,,arsonistick,
4,0,Bronze arrow,1,"1586,3689,0",,y,,,TindalosKP
3,0,Bronze arrow,1,"3389,3088,0",,y,,,TindalosKP
2,0,Bronze arrow,1,"1581,3681,0",,y,,,TindalosKP
2,0,Bronze arrow,1,"1583,3682,0",,y,,,TindalosKP
2,0,Bronze arrow,1,"1583,3685,0",,y,,,TindalosKP
2,0,Bronze arrow,1,"1585,3672,0",,y,,,TindalosKP
2,0,Bronze arrow,1,"1586,3682,0",,y,,,TindalosKP
2,0,Bronze arrow,1,"1587,3684,0",,y,,,TindalosKP
2,0,Bronze arrow,1,"1588,3673,0",,y,,,TindalosKP
2,0,Bronze arrow,1,"3387,3082,0",,y,,,TindalosKP
1,0,Bronze arrow,1,"3098,3596,0",,y,,,TindalosKP
1,0,Bronze arrow,2,"3098,3600,0",,y,,,TindalosKP
1,0,Bronze arrow,2,"3101,3592,0",,y,,,TindalosKP
1,0,Bronze arrow,2,"3101,3606,0",,y,,,TindalosKP
1,0,Bronze arrow,2,"3103,3596,0",,y,,,TindalosKP
1,0,Bronze arrow,2,"3103,3600,0",,y,,,TindalosKP
1,0,Bronze arrow,2,"3105,3607,0",,y,,,TindalosKP
1,0,Bronze arrow,2,"3109,3604,0",,y,,,TindalosKP
1,0,Bronze arrow,1,"3110,3611,0",,y,,,TindalosKP
1,0,Bronze arrow,3,"3130,9903,0",,,U,underground,
1,0,Bronze arrow,1,"3135,9916,0",,,U,underground,
5,0,Bronze arrowtips,1,"2672,3433,0",y,x,,,
4,2,Bronze axe,1,"2678,3731,0",,,,,TwisterMonkey
4,0,Bronze axe,1,"2825,3088,0",,,,,TwisterMonkey
4,0,Bronze axe,1,"2826,3083,0",,,,,TwisterMonkey
3,0,Bronze axe,1,"2795,3161,0",,,,,TwisterMonkey
1,0,Bronze axe,1,"2970,3376,1",,,,,TwisterMonkey
2,0,Bronze bar,1,"2636,9463,0",y,,U,underground,
3,0,Bronze bolts,1,"3097,3695,0",,,,,TwisterMonkey
3,0,Bronze bolts,1,"3099,3684,0",,,,,TwisterMonkey
3,0,Bronze bolts,1,"3099,3688,0",,,,,TwisterMonkey
3,0,Bronze bolts,1,"3101,3702,0",,,,,TwisterMonkey
3,0,Bronze bolts,1,"3105,3679,0",,,,,TwisterMonkey
3,0,Bronze bolts,1,"3105,3694,0",,,,,TwisterMonkey
3,0,Bronze bolts,1,"3109,3691,0",,,,,TwisterMonkey
3,0,Bronze bolts,1,"3109,3697,0",,,,,TwisterMonkey
3,0,Bronze bolts,1,"3112,3682,0",,,,,TwisterMonkey
3,0,Bronze bolts,1,"3114,3690,0",,,,,TwisterMonkey
3,0,Bronze bolts,1,"3116,3701,0",,,,,TwisterMonkey
1,0,Bronze bolts,1,"3016,3244,1",,,,,TwisterMonkey
1,0,Bronze bolts,1,"3028,3259,1",,,,,TwisterMonkey
2,0,Bronze chainbody,1,"2985,9817,0",y,,U,underground,
4,1,Bronze dagger,1,"3407,3184,0",,y,,,TindalosKP
3,0,Bronze dagger,1,"3730,3356,0",,y,,,TindalosKP
1,0,Bronze dagger,1,"2801,4572,0",,,U,underground,
1,0,Bronze dagger,1,"2806,4569,0",,,U,underground,
1,0,Bronze dagger,1,"3213,3216,1",,y,,,TindalosKP
1,0,Bronze fire arrows,4,"7274,7972,0",n,,U,Unlocatable Coordinates,
6,1,Bronze mace,1,"3320,3137,0",y,y,,,Shoyrukon
3,2,Bronze med helm,1,"3408,3184,0",,y,,,TindalosKP
3,0,Bronze med helm,1,"3077,9778,0",y,,U,Draynor Manor Basement - Rwd,
2,0,Bronze med helm,1,"3122,3360,0",y,y,,Draynor Manor -  Rwd,
6,1,Bronze pickaxe,1,"1773,3509,0",,,,,
3,1,Bronze pickaxe,1,"3009,3342,0",y,x,,,
5,0,Bronze pickaxe,1,"2963,3216,0",y,y,,arsonistick,
4,0,Bronze pickaxe,1,"2800,2797,0",,y,,,TindalosKP
4,0,Bronze pickaxe,1,"3081,3429,0",y,x,,,
3,0,Bronze pickaxe,1,"3360,3107,0",,y,,,TindalosKP
1,0,Bronze pickaxe,1,"2795,4579,0",,,U,underground,
1,0,Bronze pickaxe,1,"2801,4493,0",,,U,underground,
1,0,Bronze pickaxe,1,"2801,4513,0",,,U,underground,
1,0,Bronze pickaxe,1,"2811,4572,0",,,U,underground,
1,0,Bronze pickaxe,1,"3229,3215,2",y,x,,,
1,0,Bronze pickaxe,1,"3229,3223,2",y,x,,,
1,0,Bronze pickaxe,1,"3288,9431,0",,,U,underground,
1,0,Bronze pickaxe,1,"3288,9442,0",,,U,underground,
1,0,Bronze pickaxe,1,"3556,3236,0",,y,,,TindalosKP
1,0,Bronze scimitar,1,"2557,2855,1",y,x,,,
1,0,Bronze scimitar,1,"2965,3211,1",y,x,,,
1,0,Bronze spear,1,"2808,4572,0",,,U,underground,
1,0,Bronze sq shield,1,"3294,3935,1",,,,,TwisterMonkey
1,0,Bronze sword,1,"2483,2929,0",,,,,TwisterMonkey
3,0,Brooch,1,"3230,9610,0",y,,U,Coordinates may be wrong? This should be in Lumbridge Castle cellar caves,
19,1,Bucket,1,"2428,3079,0",,,,underground,
19,1,Bucket,1,"2428,3080,0",,y,,,TindalosKP
9,1,Bucket,1,"1251,3736,0",,y,,,TindalosKP
4,1,Bucket,1,"3026,3289,0",y,y,,,
1,1,Bucket,1,"2371,3127,0",y,y,,bassieboy101,
9,0,Bucket,1,"3307,3195,0",y,y,,bassieboy101,
8,0,Bucket,1,"2616,3255,0",y,y,,bassieboy101,
8,0,Bucket,1,"3346,2966,0",y,y,,bassieboy101,
8,0,Bucket,1,"3351,2966,0",y,y,,bassieboy101,
7,0,Bucket,1,"2564,3332,0",y,y,,bassieboy101,
6,0,Bucket,1,"2397,4461,0",n,n,U,Underground - bassieboy101,
6,0,Bucket,1,"3478,3234,0",y,y,,bassieboy101,
6,0,Bucket,1,"3624,3211,0",y,y,,bassieboy101,
6,0,Bucket,1,"3626,3254,0",y,y,,bassieboy101,
6,0,Bucket,1,"3626,3259,0",y,y,,bassieboy101,
6,0,Bucket,1,"3627,3291,0",y,y,,bassieboy101,
6,0,Bucket,1,"3628,3275,0",y,y,,bassieboy101,
6,0,Bucket,1,"3629,3198,0",y,y,,bassieboy101,
6,0,Bucket,1,"3635,3276,0",y,y,,bassieboy101,
6,0,Bucket,1,"3638,3243,0",y,y,,bassieboy101,
5,0,Bucket,1,"1705,3530,0",y,y,,bassieboy101,
5,0,Bucket,1,"3593,3219,0",y,y,,bassieboy101,
5,0,Bucket,1,"3597,3190,0",y,y,,bassieboy101,
5,0,Bucket,1,"3597,3301,0",y,y,,bassieboy101,
5,0,Bucket,1,"3604,3219,0",y,y,,bassieboy101,
5,0,Bucket,1,"3606,3267,0",y,y,,bassieboy101,
4,0,Bucket,1,"2766,3441,0",y,y,,arsonistick,
4,0,Bucket,1,"2958,3510,0",,y,,,TindalosKP
4,0,Bucket,1,"3020,3291,0",y,y,,arsonistick,
4,0,Bucket,1,"3605,3251,1",y,y,,bassieboy101,
4,0,Bucket,1,"3611,3246,1",y,y,,bassieboy101,
4,0,Bucket,1,"3621,3282,0",y,y,,bassieboy101,
4,0,Bucket,1,"3622,3243,1",y,y,,bassieboy101,
3,0,Bucket,1,"3216,9625,0",,,U,underground,
3,0,Bucket,1,"3225,3294,0",,y,,,TindalosKP
3,0,Bucket,1,"3624,3236,1",y,y,,bassieboy101,
3,0,Bucket,1,"3719,3361,0",,y,,,TindalosKP
2,0,Bucket,1,"1784,3590,1",,,,upstairs,
2,0,Bucket,1,"2309,9801,0",,,U,underground,
2,0,Bucket,1,"2371,3128,0",,,,underground,
2,0,Bucket,1,"2853,3930,0",,y,,,TindalosKP
2,0,Bucket,1,"3121,3359,0",y,y,,Draynor Manor - Rwd,
1,0,Bucket,1,"1943,4956,0",,,U,underground,
1,0,Bucket,1,"2041,8985,1",,,U,upstairs,
1,0,Bucket,1,"2633,9908,0",,,U,underground,
1,0,Bucket,1,"2849,10332,0",,,U,underground,
1,0,Bucket,1,"2858,3586,0",,y,,,TindalosKP
1,0,Bucket,1,"2864,3585,0",,y,,,TindalosKP
1,0,Bucket,1,"3221,3497,1",,y,,,TindalosKP
1,0,Bucket,1,"3222,3491,1",,y,,,TindalosKP
1,0,Bucket,1,"3354,9759,0",,,U,underground,
1,0,Bucket,1,"3354,9823,0",,,U,underground,
1,0,Bucket,1,"3355,9754,0",,,U,underground,
1,0,Bucket,1,"3355,9818,0",,,U,underground,
1,0,Bucket,1,"3357,9756,0",,,U,underground,
1,0,Bucket,1,"3357,9820,0",,,U,underground,
7,0,Bucket of milk,1,"2685,3683,0",y,x,,Bassieboy101,
4,0,Bucket of sand,1,"1804,3628,0",y,x,,Bassieboy101,
4,2,Bucket of water,1,"3622,3223,0",,y,,,TindalosKP
5,1,Bucket of water,1,"3627,3323,0",,y,,,TindalosKP
5,1,Bucket of water,1,"3633,3322,0",,y,,,TindalosKP
6,0,Bucket of water,1,"3627,3273,0",,y,,,TindalosKP
6,0,Bucket of water,1,"3627,3316,0",,y,,,TindalosKP
6,0,Bucket of water,1,"3628,3260,0",,y,,,TindalosKP
6,0,Bucket of water,1,"3633,3264,0",,y,,,TindalosKP
6,0,Bucket of water,1,"3634,3282,0",,y,,,TindalosKP
6,0,Bucket of water,1,"3636,3315,0",,y,,,TindalosKP
5,0,Bucket of water,1,"3596,3210,0",,y,,,TindalosKP
5,0,Bucket of water,1,"3598,3190,0",,y,,,TindalosKP
5,0,Bucket of water,1,"3601,3303,0",,y,,,TindalosKP
5,0,Bucket of water,1,"3604,3300,0",,y,,,TindalosKP
4,0,Bucket of water,1,"2820,3452,0",y,y,,arsonistick,
4,0,Bucket of water,1,"2823,3449,0",y,y,,arsonistick,
4,0,Bucket of water,1,"3604,3252,1",,y,,,TindalosKP
4,0,Bucket of water,1,"3612,3214,0",,y,,,TindalosKP
4,0,Bucket of water,1,"3612,3224,0",,y,,,TindalosKP
4,0,Bucket of water,1,"3615,3230,0",,y,,,TindalosKP
4,0,Bucket of water,1,"3616,3197,0",,y,,,TindalosKP
4,0,Bucket of water,1,"3620,3282,0",,y,,,TindalosKP
3,0,Bucket of water,1,"2790,3199,0",,y,,,TindalosKP
3,0,Bucket of water,1,"3639,3258,1",,y,,,TindalosKP
2,0,Bucket of water,1,"2885,3945,0",,y,,,TindalosKP
2,0,Bucket of water,1,"2888,3943,0",,y,,,TindalosKP
3,1,Burnt bones,1,"1360,3702,0",,,,,TwisterMonkey
2,1,Burnt bones,1,"1583,3687,0",,,,,TwisterMonkey
2,1,Burnt bones,1,"2023,5609,0",,,U,,TwisterMonkey
2,1,Burnt bones,1,"2025,5608,0",,,U,,TwisterMonkey
1,1,Burnt bones,1,"1517,3693,0",,,,,TwisterMonkey
4,0,Burnt bones,1,"1589,3691,0",,,,,TwisterMonkey
3,0,Burnt bones,1,"1344,3697,0",,,,,TwisterMonkey
3,0,Burnt bones,1,"1347,3703,0",,,,,TwisterMonkey
3,0,Burnt bones,1,"1352,3706,0",,,,,TwisterMonkey
3,0,Burnt bones,1,"1355,3693,0",,,,,TwisterMonkey
3,0,Burnt bones,1,"1370,3727,0",,,,,TwisterMonkey
3,0,Burnt bones,1,"1372,3717,0",,,,,TwisterMonkey
3,0,Burnt bones,1,"1372,3724,0",,,,,TwisterMonkey
3,0,Burnt bones,1,"1522,3697,0",,,,,TwisterMonkey
3,0,Burnt bones,1,"1523,3699,0",,,,,TwisterMonkey
3,0,Burnt bones,1,"1529,3696,0",,,,,TwisterMonkey
3,0,Burnt bones,1,"1531,3697,0",,,,,TwisterMonkey
3,0,Burnt bones,1,"1586,3688,0",,,,,TwisterMonkey
3,0,Burnt bones,1,"2011,5600,0",,,U,,TwisterMonkey
3,0,Burnt bones,1,"2012,5596,0",,,U,,TwisterMonkey
3,0,Burnt bones,1,"2019,5598,0",,,U,,TwisterMonkey
3,0,Burnt bones,1,"3313,3890,0",,,,,TwisterMonkey
3,0,Burnt bones,1,"3316,3888,0",,,,,TwisterMonkey
3,0,Burnt bones,1,"3321,3892,0",,,,,TwisterMonkey
2,0,Burnt bones,1,"1380,3722,0",,,,,TwisterMonkey
2,0,Burnt bones,1,"1400,3703,0",,,,,TwisterMonkey
2,0,Burnt bones,1,"1403,3694,0",,,,,TwisterMonkey
2,0,Burnt bones,1,"1481,3701,0",,,,,TwisterMonkey
2,0,Burnt bones,1,"1489,3703,0",,,,,TwisterMonkey
2,0,Burnt bones,1,"1494,3696,0",,,,,TwisterMonkey
2,0,Burnt bones,1,"1505,3707,0",,,,,TwisterMonkey
2,0,Burnt bones,1,"1507,3696,0",,,,,TwisterMonkey
2,0,Burnt bones,1,"1508,3702,0",,,,,TwisterMonkey
2,0,Burnt bones,1,"1509,3705,0",,,,,TwisterMonkey
2,0,Burnt bones,1,"1512,3699,0",,,,,TwisterMonkey
2,0,Burnt bones,1,"1532,3690,0",,,,,TwisterMonkey
2,0,Burnt bones,1,"1582,3677,0",,,,,TwisterMonkey
2,0,Burnt bones,1,"1583,3672,0",,,,,TwisterMonkey
2,0,Burnt bones,1,"1584,3683,0",,,,,TwisterMonkey
2,0,Burnt bones,1,"1586,3674,0",,,,,TwisterMonkey
2,0,Burnt bones,1,"1586,3678,0",,,,,TwisterMonkey
2,0,Burnt bones,1,"1588,3681,0",,,,,TwisterMonkey
2,0,Burnt bones,1,"1589,3672,0",,,,,TwisterMonkey
2,0,Burnt bones,1,"1589,3675,0",,,,,TwisterMonkey
2,0,Burnt bones,1,"3178,3852,0",,,,,TwisterMonkey
2,0,Burnt bones,1,"3179,3850,0",,,,,TwisterMonkey
2,0,Burnt bones,1,"3179,3853,0",,,,,TwisterMonkey
2,0,Burnt bones,1,"3184,3856,0",,,,,TwisterMonkey
2,0,Burnt bones,1,"3185,3850,0",,,,,TwisterMonkey
2,0,Burnt bones,1,"3187,3856,0",,,,,TwisterMonkey
2,0,Burnt bones,1,"3287,3887,0",,,,,TwisterMonkey
2,0,Burnt bones,1,"3288,3891,0",,,,,TwisterMonkey
2,0,Burnt bones,1,"3290,3890,0",,,,,TwisterMonkey
2,0,Burnt bones,1,"3291,3888,0",,,,,TwisterMonkey
2,0,Burnt bones,1,"3292,3887,0",,,,,TwisterMonkey
1,0,Burnt bones,1,"1380,3713,0",,,,,TwisterMonkey
1,0,Burnt bones,1,"1383,3719,0",,,,,TwisterMonkey
1,0,Burnt bones,1,"1394,3715,0",,,,,TwisterMonkey
1,0,Burnt bones,1,"1395,3709,0",,,,,TwisterMonkey
1,0,Burnt bones,1,"1396,3724,0",,,,,TwisterMonkey
1,0,Burnt bones,1,"1403,3706,0",,,,,TwisterMonkey
1,0,Burnt bones,1,"1403,3717,0",,,,,TwisterMonkey
1,0,Burnt bones,1,"1406,3715,0",,,,,TwisterMonkey
1,0,Burnt bones,1,"1420,10068,1",,,U,underground,
1,0,Burnt bones,1,"1421,10087,1",,,U,underground,
1,0,Burnt bones,1,"1427,3593,0",,,,,TwisterMonkey
1,0,Burnt bones,1,"1433,10062,1",,,U,underground,
1,0,Burnt bones,1,"1436,10098,1",,,U,underground,
1,0,Burnt bones,1,"1443,10094,1",,,U,underground,
1,0,Burnt bones,1,"1451,10061,1",,,U,underground,
1,0,Burnt bones,1,"1456,10094,1",,,U,underground,
1,0,Burnt bones,1,"1459,10073,1",,,U,underground,
1,0,Burnt bones,1,"1496,3704,0",,,,,TwisterMonkey
1,0,Burnt bones,1,"1499,3707,0",,,,,TwisterMonkey
1,0,Burnt bones,1,"1509,3690,0",,,,,TwisterMonkey
1,0,Burnt bones,1,"1512,3690,0",,,,,TwisterMonkey
1,0,Burnt bones,1,"1513,3691,0",,,,,TwisterMonkey
1,0,Burnt bones,1,"1520,3685,0",,,,,TwisterMonkey
1,0,Burnt bones,1,"1525,3685,0",,,,,TwisterMonkey
1,0,Burnt bones,1,"1528,3683,0",,,,,TwisterMonkey
1,0,Burnt bones,1,"1532,3683,0",,,,,TwisterMonkey
1,0,Burnt bones,1,"1533,3685,0",,,,,TwisterMonkey
1,0,Burnt bones,1,"3213,3821,0",,,,,TwisterMonkey
1,0,Burnt bones,1,"3214,3820,0",,,,,TwisterMonkey
1,0,Burnt bones,1,"3218,3818,0",,,,,TwisterMonkey
1,0,Burnt bones,1,"3219,3816,0",,,,,TwisterMonkey
4,0,Burnt fish,1,"2820,3453,0",y,y,,arsonistick,
2,0,Burnt fish,1,"2026,5621,0",,,U,"Somewhere? Not the mainland, though",
1,0,Burnt fish,1,"2477,2860,1",,,,Pretty sure I grabbed anchovies,TindalosKP
2,0,Burnt meat,1,"2876,3921,0",,,,,TwisterMonkey
2,0,Burnt meat,1,"2877,3923,0",,,,,TwisterMonkey
1,0,Burnt shrimp,1,"2034,8984,1",,,U,underground,
1,0,Burnt shrimp,1,"3767,3383,0",,,,,TwisterMonkey
5,0,Cabbage,1,"3285,3175,0",,,,,
3,0,Cabbage,1,"3217,9622,0",,,U,underground,
2,0,Cabbage,1,"1376,3750,0",,,,,
3,0,Cake tin,1,"2987,3686,0",,y,,,TindalosKP
2,0,Cake tin,1,"3141,3452,1",,y,,,TindalosKP
4,1,Candle,1,"1794,3613,0",,,,,
1,0,Candle,1,"1635,3621,1",,,,,
1,0,Candle,1,"1639,3622,1",,,,,
1,0,Candle,1,"1764,3620,1",,,,,
6,0,Cattleprod,1,"2604,3357,0",,,,,TwisterMonkey
1,0,Cave nightshade,1,"2528,9415,0",,,U,underground,
1,0,Cave nightshade,1,"2530,9462,0",,,U,underground,
3,1,Chaos rune,1,"3139,3814,0",y,y,,arsonistick,
2,1,Chaos rune,1,"3144,3826,0",y,y,,arsonistick,
2,1,Chaos rune,1,"3145,3814,0",y,y,,arsonistick,
2,1,Chaos rune,1,"3149,3823,0",y,y,,arsonistick,
2,1,Chaos rune,1,"3151,3831,0",y,y,,arsonistick,
1,1,Chaos rune,1,"2806,3770,0",,y,,,TindalosKP
4,0,Chaos rune,5,"3021,3640,0",y,y,,arsonistick,
4,0,Chaos rune,1,"3137,3833,0",y,y,,arsonistick,
1,0,Chaos rune,1,"2761,3845,0",,y,,,TindalosKP
1,0,Chaos rune,1,"2802,3780,0",,y,,,TindalosKP
9,0,Cheese,1,"3083,3260,0",y,y,,,TwisterMonkey
3,0,Cheese,1,"3039,3707,0",,,,,TwisterMonkey
1,0,Cheese,1,"3719,9706,0",,,U,not on surface,
1,0,Child's blanket,1,"2570,9604,0",,,U,underground,
12,0,Chisel,1,"2683,3318,0",,,,,TwisterMonkey
8,0,Chisel,1,"2935,3286,0",,,,,TwisterMonkey
5,0,Chisel,1,"2543,3287,0",,,,,TwisterMonkey
1,0,Chisel,1,"1764,3863,0",,,,,TwisterMonkey
1,0,Chisel,1,"2800,4500,0",,,U,underground,
1,0,Chisel,1,"2803,4491,0",,,U,underground,
18,1,Chocolate bar,1,"3143,3453,0",y,x,,Cooks Guild - Rwd,
6,0,Chocolate bar,1,"2384,4440,0",y,x,U,Currently some issue in which the wiki's map shows a black space where Zanaris should be. The github map is correct tho.,Demilancer
3,0,Chopped garlic,1,"3719,3303,0",y,y,,,
6,0,Cocktail glass,1,"2483,3482,1",,,,,TwisterMonkey
6,0,Cocktail glass,1,"2489,3489,1",,,,,TwisterMonkey
2,0,Cocktail glass,1,"1374,3502,0",,,,,TwisterMonkey
6,0,Cocktail shaker,1,"2449,3510,1",,,,,TwisterMonkey
1,1,Coins,4,"1859,3546,0",,,,,
1,1,Coins,4,"2912,9801,0",,,U,Underground (Taverley Dungeon),
1,1,Coins,8,"3221,3829,0",,,,,
7,0,Coins,2,"3108,3534,0",,,,"Some of the coins dont exist, alto more anre not on the surface",TwisterMonkey
5,0,Coins,2,"2765,3198,0",,,,,TwisterMonkey
5,0,Coins,5,"2767,3197,0",,,,,TwisterMonkey
5,0,Coins,2,"2767,3199,0",,,,,TwisterMonkey
5,0,Coins,4,"2768,3198,0",,,,,TwisterMonkey
5,0,Coins,5,"2772,3197,0",,,,,
4,0,Coins,4,"2990,3675,0",,,,,
3,0,Coins,1,"2914,9849,0",,,U,,
3,0,Coins,1,"2917,9850,0",,,U,,
3,0,Coins,5,"2979,3675,0",,,,,
3,0,Coins,5,"2985,3675,0",,,,,
3,0,Coins,21,"3076,3845,0",,,,,
3,0,Coins,4,"3097,3578,0",,,,,
3,0,Coins,2,"3098,3564,0",,,,,
3,0,Coins,2,"3099,3557,0",,y,,,TindalosKP
3,0,Coins,3,"3099,3572,0",,,,,
3,0,Coins,2,"3103,3548,0",,,,,
3,0,Coins,3,"3228,3504,0",,,,,
3,0,Coins,4,"3232,3500,0",,,,,
2,0,Coins,5,"2907,9807,0",,,U,,
2,0,Coins,1,"2909,9800,0",,,U,,
2,0,Coins,8,"2910,9803,0",,,U,,
2,0,Coins,1,"2915,9503,0",,,U,,
2,0,Coins,25,"3108,3859,0",,,,,
2,0,Coins,26,"3188,9819,0",,,U,,
2,0,Coins,42,"3188,9820,0",,,U,,
2,0,Coins,35,"3189,9819,0",,,U,,
2,0,Coins,56,"3190,9819,0",,,U,,
2,0,Coins,66,"3191,9821,0",,,U,,
1,0,Coins,1,"1996,8972,1",,,U,,
1,0,Coins,1,"1997,8971,1",,,U,,
1,0,Coins,1,"1998,8971,1",,,U,,
1,0,Coins,1,"1999,8970,1",,,U,,
1,0,Coins,1,"2001,8980,1",,,U,,
1,0,Coins,1,"2005,8969,1",,,U,,
1,0,Coins,1,"2006,8988,1",,,U,,
1,0,Coins,1,"2009,9005,1",,,U,,
1,0,Coins,1,"2011,8982,1",,,U,,
1,0,Coins,1,"2012,8994,1",,,U,,
1,0,Coins,1,"2017,4949,3",,,U,,
1,0,Coins,1,"2017,8999,1",,,U,,
1,0,Coins,1,"2020,4948,3",,,U,,
1,0,Coins,1,"2031,8979,1",,,U,,
1,0,Coins,1,"2034,8986,1",,,U,,
1,0,Coins,1,"2035,8987,1",,,U,,
1,0,Coins,1,"2039,8982,1",,,U,,
1,0,Coins,1,"2054,9002,1",,,U,,
1,0,Coins,1,"2056,9002,1",,,U,,
1,0,Coins,1,"2056,9006,1",,,U,,
1,0,Coins,1,"2057,9005,1",,,U,,
1,0,Coins,1,"2058,8987,1",,,U,,
1,0,Coins,1,"2058,9004,1",,,U,,
1,0,Coins,1,"2061,9005,1",,,U,,
1,0,Coins,1,"2062,9004,1",,,U,,
1,0,Coins,1,"2063,9002,1",,,U,,
1,0,Coins,1,"2067,8988,1",,,U,,
1,0,Coins,1,"2498,9434,0",,,U,,
1,0,Coins,1,"2499,9432,0",,,U,,
1,0,Coins,1,"2500,9427,0",,,U,,
1,0,Coins,3,"2770,4516,0",,,U,,
1,0,Coins,10,"2771,4516,0",,,U,,
1,0,Coins,4,"2772,4515,0",,,U,,
1,0,Coins,2,"2772,4517,0",,,U,,
1,0,Coins,1,"2856,9645,0",,,U,,
1,0,Coins,1,"2860,9643,0",,,U,,
1,0,Coins,1,"2861,9628,0",,,U,,
1,0,Coins,1,"2863,9629,0",,,U,,
1,0,Coins,1,"2863,9632,0",,,U,,
1,0,Coins,6,"2913,9806,0",,,U,,
1,0,Coins,1,"2922,9819,0",,,U,,
1,0,Coins,1,"2934,9834,0",,,U,,
1,0,Coins,1,"2987,9583,0",,,U,,
1,0,Coins,1,"2988,9582,0",,,U,,
1,0,Coins,1,"2988,9584,0",,,U,,
1,0,Coins,1,"3001,9798,0",,,U,,
1,0,Coins,1,"3003,9801,0",,,U,,
1,0,Coins,4,"3088,9898,0",,,U,,
1,0,Coins,1,"3088,9899,0",,,U,,
1,0,Coins,1,"3091,9899,0",,,U,,
1,0,Coins,2320,"3102,3270,1",,,,,
1,0,Coins,8,"3167,9897,0",,,U,,
1,0,Coins,5,"3169,9880,0",,,U,,
1,0,Coins,7,"3173,9881,0",,,U,,
1,0,Coins,1,"3173,9897,0",,,U,,
1,0,Coins,4,"3195,9820,0",,,U,,
1,0,Coins,3,"3195,9834,0",,,U,,
1,0,Coins,1,"3215,9929,0",,,U,,
1,0,Coins,1,"3218,9940,0",,,U,,
1,0,Coins,6,"3220,3826,0",,,,,
1,0,Coins,1,"3223,9941,0",,,U,,
1,0,Coins,1,"3224,9928,0",,,U,,
1,0,Coins,1,"3226,9939,0",,,U,,
1,0,Coins,1,"3227,9936,0",,,U,,
1,0,Coins,1,"3228,9938,0",,,U,,
1,0,Coins,35,"3229,10178,0",,,U,,
1,0,Coins,78,"3231,10175,0",,,U,,
1,0,Coins,2,"3234,3556,0",,y,,Logged out,TindalosKP
1,0,Coins,69,"3246,10162,0",,,U,,
1,0,Coins,1,"3274,9870,0",,,U,,
1,0,Coins,550,"3442,9933,3",,,U,,
1,0,Cooked chicken,1,"2971,3382,1",,,,,TwisterMonkey
6,2,Cooked meat,1,"3077,3441,0",y,x,,,snailtoes
6,1,Cooked meat,1,"3080,3443,0",y,x,,,snailtoes
2,0,Cooked meat,1,"1367,3575,0",,,,,TwisterMonkey
2,0,Cooked meat,1,"1384,3764,0",,,,,TwisterMonkey
1,0,Cooked meat,1,"2558,2856,1",,,,,TwisterMonkey
4,0,Cooking apple,1,"2645,3363,0",y,y,,,TwisterMonkey
2,0,Cooking apple,1,"3140,3447,1",,,,,TwisterMonkey
2,0,Cooking apple,1,"3141,3447,1",,,,,TwisterMonkey
1,0,Cooking apple,1,"3141,3447,2",,,,,TwisterMonkey
3,0,Cosmic rune,3,"2947,3898,0",y,y,,arsonistick,
3,0,Criminal's dagger,1,"2746,3578,0",,,,,TwisterMonkey
2,0,Crossbow,1,"1512,3423,0",,y,,Logged out,TindalosKP
2,0,Crossbow,1,"3174,3663,0",,y,,,TindalosKP
2,0,Crossbow,1,"3284,3719,0",,y,,,TindalosKP
3,1,Crumbling tome,1,"3571,3312,0",y,x,,,Demilancer
3,1,Cup of tea,1,"3271,3413,0",y,y,,not obtainable,Arsonistick
8,0,Cup of tea,1,"2903,3441,0",,y,,,Arsonistick
7,0,Cup of tea,1,"2886,3412,0",,y,,,Arsonistick
3,0,Cup of tea,1,"1621,3501,0",y,y,,,Arsonistick
1,0,Cup of tea,1,"2593,3103,1",,y,,Logged out,TindalosKP
1,1,Damaged armour,1,"1376,3714,0",,y,,,arsonistick
5,0,Damaged armour,1,"2679,3425,0",y,y,,,arsonistick
2,0,Damaged armour,1,"1377,3723,0",y,y,,,arsonistick
1,0,Damaged armour,1,"1392,3717,0",y,y,,,arsonistick
2,0,Damp sticks,1,"2784,3289,0",y,x,,,
2,1,Dark fishing bait,1,"2998,3705,0",y,y,,55s,arsonistick
3,0,Dark fishing bait,1,"2988,3683,0",y,y,,,arsonistick
1,0,Death rune,1,"2500,2967,0",y,x,,,
3,0,Deed,1,"3732,3361,0",,,,,TwisterMonkey
1,1,Diamond bolts (e),2,"3332,3836,0",,,,,TwisterMonkey
8,1,Diary,1,"2903,3471,0",y,x,,,
3,1,Doogle leaves,1,"3151,3399,0",y,y,,,TwisterMonkey
3,1,Doogle leaves,1,"3152,3399,0",y,y,,,TwisterMonkey
3,1,Doogle leaves,1,"3152,3401,0",y,y,,,TwisterMonkey
3,1,Doogle leaves,1,"3156,3401,0",y,y,,,TwisterMonkey
3,1,Doogle leaves,1,"3157,3400,0",y,y,,,TwisterMonkey
2,1,Doogle leaves,1,"2736,3640,0",,,,,TwisterMonkey
2,1,Doogle leaves,1,"2736,3642,0",,,,,TwisterMonkey
3,0,Doogle leaves,1,"2734,3638,0",,,,,TwisterMonkey
3,0,Doogle leaves,1,"2735,3636,0",,,,,TwisterMonkey
2,0,Doogle leaves,1,"2737,3637,0",,,,,TwisterMonkey
2,0,Doogle leaves,1,"2738,3642,0",,,,,TwisterMonkey
2,0,Doogle leaves,1,"2739,3634,0",,,,,TwisterMonkey
2,0,Doogle leaves,1,"2741,3639,0",,,,,TwisterMonkey
2,0,Doogle leaves,1,"2742,3636,0",,,,,TwisterMonkey
2,0,Doogle leaves,1,"2742,3638,0",,,,,TwisterMonkey
2,0,Doogle leaves,1,"2742,3641,0",,,,,TwisterMonkey
2,0,Doogle leaves,1,"2742,3643,0",,,,,TwisterMonkey
2,0,Doogle leaves,1,"2744,3638,0",,,,,TwisterMonkey
1,0,Doogle leaves,1,"2560,2971,0",,,,,TwisterMonkey
1,0,Doogle leaves,1,"2562,2973,0",,,,,TwisterMonkey
1,0,Doogle leaves,1,"2563,2971,0",,,,,TwisterMonkey
1,0,Doogle leaves,1,"2565,2972,0",,,,,TwisterMonkey
1,0,Dragon bitter,1,"2258,4086,0",,,,,TwisterMonkey
1,0,Dragonstone,1,"3353,9635,0",,,U,,
1,0,Dragonstone,1,"3354,9646,0",,,U,,
1,0,Dragonstone,1,"3359,9632,0",,,U,,
1,0,Dragonstone,1,"3373,9651,0",,,U,,
1,0,Dragonstone,1,"3374,9643,0",,,U,,
1,0,Dragonstone,1,"3375,9633,0",,,U,,
1,0,Druid pouch,1,"3443,9741,0",,,U,,
1,0,Druid pouch,1,"3443,9741,1",,,U,,
1,0,Dusty key,1,"2900,9766,0",,,U,underground,
3,0,Dwarven stout,1,"2861,9878,0",,,U,,
2,0,Dwarven stout,1,"2863,9875,0",,,U,,
2,0,Dwarven stout,1,"2870,9878,0",,,U,,
3,0,Dwellberries,1,"2638,3479,0",,,,,TwisterMonkey
3,0,Dwellberries,1,"2664,3476,0",,,,,TwisterMonkey
2,0,Dwellberries,1,"2633,3496,0",,,,,TwisterMonkey
2,0,Dwellberries,1,"2645,3498,0",,,,,TwisterMonkey
2,0,Dwellberries,1,"2667,3494,0",,,,, 
7,3,Earth rune,1,"3195,3515,0",,,,,
4,0,Earth rune,5,"3032,3637,0",,,,,
1,0,Earth rune,6,"3185,9888,0",,,U,,
2,0,Edible seaweed,1,"3717,3848,0",y,x,,Bassieboy101,
2,0,Edible seaweed,1,"3720,3865,0",y,x,,Bassieboy101,
2,0,Edible seaweed,1,"3723,3748,0",y,x,,Bassieboy101,
2,0,Edible seaweed,1,"3727,3765,0",y,x,,Bassieboy101,
2,0,Edible seaweed,1,"3728,3888,0",y,x,,Bassieboy101,
2,0,Edible seaweed,1,"3729,3771,0",y,x,,Bassieboy101,
2,0,Edible seaweed,1,"3729,3895,0",y,x,,Bassieboy101,
2,0,Edible seaweed,1,"3730,3775,0",y,x,,Bassieboy101,
2,0,Edible seaweed,1,"3730,3792,0",y,x,,Bassieboy101,
2,0,Edible seaweed,1,"3733,3732,0",y,x,,Bassieboy101,
2,0,Edible seaweed,1,"3734,3784,0",y,x,,Bassieboy101,
2,0,Edible seaweed,1,"3737,3727,0",y,x,,Bassieboy101,
2,0,Edible seaweed,1,"3741,3720,0",y,x,,Bassieboy101,
2,0,Edible seaweed,1,"3747,3717,0",y,x,,Bassieboy101,
2,0,Edible seaweed,1,"3752,3725,0",y,x,,Bassieboy101,
2,0,Edible seaweed,1,"3799,3751,0",y,x,,Bassieboy101,
2,0,Edible seaweed,1,"3810,3755,0",y,x,,Bassieboy101,
1,0,Edible seaweed,1,"3743,3848,0",y,x,,Bassieboy101,
1,0,Edible seaweed,1,"3748,3851,0",y,x,,Bassieboy101,
1,0,Edible seaweed,1,"3811,3056,0",,,,,
1,0,Edible seaweed,1,"3813,3058,0",,,,,
1,0,Edible seaweed,1,"3813,3754,0",,,,,
1,0,Edible seaweed,1,"3820,3758,0",,,,,
1,0,Edible seaweed,1,"3828,3060,0",,,,,
1,0,Edible seaweed,1,"3834,3065,0",,,,,
1,0,Edible seaweed,1,"3834,3068,0",,,,,
3,1,Egg,1,"3016,3295,0",y,y,,,TwisterMonkey
3,1,Egg,1,"3017,3295,0",y,y,,,TwisterMonkey
5,0,Egg,1,"3169,3291,0",,,,,TwisterMonkey
4,0,Egg,1,"3172,3301,0",,,,,TwisterMonkey
3,0,Egg,1,"1252,3690,0",,,,,TwisterMonkey
3,0,Egg,1,"1252,3691,0",,,,,TwisterMonkey
3,0,Egg,1,"3175,3305,0",,,,,TwisterMonkey
3,0,Egg,1,"3185,3297,0",,,,,TwisterMonkey
3,0,Egg,1,"3226,3301,0",,,,,TwisterMonkey
3,0,Egg,1,"3229,3299,0",,,,,TwisterMonkey
2,0,Egg,1,"2453,4476,0",,,U,,TwisterMonkey
1,0,Egg,1,"2851,3372,0",,,,,TwisterMonkey
1,0,Egg,1,"2852,3369,0",,,,,TwisterMonkey
1,0,Egg,1,"2853,3370,0",,,,,TwisterMonkey
2,0,Embalming manual,1,"3287,2754,1",,,,,TwisterMonkey
3,0,Empty cup,1,"1643,3625,0",,,,,
1,2,Empty oyster,1,"1764,3468,0",,,,,TwisterMonkey
1,0,Engine,1,"2504,10287,0",,,U,,
1,0,Equa leaves,1,"2639,2952,0",,,,,TwisterMonkey
1,0,Equa leaves,1,"2648,2963,0",,,,,TwisterMonkey
1,0,Equa leaves,1,"2649,2956,0",,,,,TwisterMonkey
1,0,Explosive discovery,1,"3734,3318,2",,,,,TwisterMonkey
1,0,Facemask,1,"1617,3680,2",,,,2nd floor,
1,1,Feather,1,"1751,3585,1",,,,,
3,0,Feather,1,"1250,3687,0",,,,,
3,0,Feather,1,"1250,3693,0",,y,,Was logged off,TindalosKP
3,0,Feather,1,"1253,3692,0",,y,,,TindalosKP
3,0,Feather,1,"1254,3688,0",,y,,,TindalosKP
1,0,Feathered journal,1,"2004,4983,3",,,U,,
1,0,Fingernails,1,"2505,9441,0",,,U,,
1,0,Fingernails,1,"2517,9453,0",,,U,,
4,0,Fire rune,5,"3026,3637,0",y,x,,,TwisterMonkey
2,0,Fire rune,1,"2838,9552,0",,,U,,
2,0,Fire rune,1,"2842,9552,0",,,U,,
2,0,Fire rune,3,"3304,3311,0",y,x,,,TwisterMonkey
1,0,Fire rune,1,"1419,10062,1",,,U,,
1,0,Fire rune,1,"1421,10096,1",,,U,,
1,0,Fire rune,1,"1450,10099,1",,,U,,
1,0,Fire rune,1,"1454,10063,1",,,U,,
1,0,Fire rune,2,"2768,3500,1",,,,,TwisterMonkey
1,0,Fire rune,1,"2833,9561,0",,,U,,
1,0,Fire rune,1,"2836,9566,0",,,U,,
1,0,Fire rune,1,"2843,9560,0",,,U,,
1,0,Fire rune,150,"3440,3546,2",,,,,TwisterMonkey
1,0,Fire rune,75,"3444,3551,2",,,,,TwisterMonkey
1,0,Fish food,1,"3108,3356,1",y,y,,Draynor Manor - Rwd,
1,0,Fishing rod,1,"2860,3335,0",y,x,,,
1,0,Flash powder,5,"2969,4999,1",,,U,,
1,0,Flash powder,5,"2970,5000,1",,,U,,
1,0,Flash powder,5,"3009,5063,1",,,U,,
1,0,Flash powder,5,"3009,5070,1",,,U,,
2,0,Forlorn boot,1,"2984,3114,0",,,,,TwisterMonkey
11,0,Garlic,1,"2646,3299,0",y,x,,,
9,0,Garlic,1,"2714,3478,0",y,x,,,
3,1,Glassblowing book,1,"2438,3185,0",,,,,TwisterMonkey
1,2,Glassblowing pipe,1,"2856,2958,0",,,,,TwisterMonkey
5,0,Glassblowing pipe,1,"2652,3454,0",y,y,,,TwisterMonkey
1,0,Glassblowing pipe,1,"2822,3355,0",,,,,TwisterMonkey
1,1,Gold bar,1,"3192,9822,0",,,U,,
1,0,Gold bar,1,"2057,8985,1",,,U,,
1,1,Gold necklace,1,"3192,9821,0",,,U,,
2,0,Gold necklace,1,"3065,3864,0",y,x,,,
1,0,Gold necklace,1,"2068,8986,1",,,U,underground,
1,2,Gold ore,1,"2732,3224,0",,,,,TwisterMonkey
3,0,Gold ore,1,"3165,3739,0",,,,,TwisterMonkey
2,0,Gold ore,1,"3289,3926,0",,,,,TwisterMonkey
2,0,Gold ore,1,"3290,3928,0",,,,,TwisterMonkey
2,0,Gold ore,1,"3292,3933,0",,,,,TwisterMonkey
1,0,Gold ore,1,"3195,9821,0",,,U,,
1,0,Gold ore,1,"3283,3936,3",,,,,TwisterMonkey
1,0,Gold ore,1,"3287,3932,1",,,,,TwisterMonkey
1,0,Gold ring,1,"2056,9004,1",,,U,,
4,1,Grain,1,"1773,3602,0",,,,,TwisterMonkey
4,1,Grain,1,"1774,3601,0",,,,,TwisterMonkey
4,0,Grain,1,"1773,3605,0",,,,,TwisterMonkey
4,0,Grain,1,"1775,3604,0",,,,,TwisterMonkey
3,0,Grain,1,"1296,3717,0",,,,,TwisterMonkey
3,0,Grain,1,"1296,3719,0",,,,,TwisterMonkey
3,0,Grain,1,"1300,3718,0",,,,,TwisterMonkey
1,0,Grain,1,"1682,3677,2",,,,,TwisterMonkey
1,0,Grain,1,"1683,3678,2",,,,,TwisterMonkey
1,0,Grapes,1,"3144,3450,2",,,,,
1,0,Grapes,1,"3237,9761,0",,,U,,TwisterMonkey
1,0,Grey toy horsey,1,"1243,3678,1",,,,,TwisterMonkey
1,1,Grimy avantoe,1,"3334,3693,0",,,,,TwisterMonkey
1,0,Grimy guam leaf,1,"3044,10313,0",,,U,,
11,0,Guide book,1,"2638,3292,0",y,y,,arsonistick,
1,0,Guthix cape,1,"2507,4723,0",,,U,,
1,0,Haemalchemy,1,"3624,9690,0",,,U,,
2,0,Half a redberry pie,1,"3042,3952,0",y,y,,arsonistick,
4,1,Hammer,1,"2579,3463,0",,y,,arsonistick,TwisterMonkey
1,1,Hammer,1,"3741,5669,0",,,U,,
1,1,Hammer,1,"3746,5673,0",,,U,,
12,0,Hammer,1,"2684,3318,0",,,,,TwisterMonkey
8,0,Hammer,1,"2934,3286,0",,,,,TwisterMonkey
4,0,Hammer,1,"1778,3507,0",,,,,TwisterMonkey
3,0,Hammer,1,"2954,3060,0",,,,,TwisterMonkey
2,0,Hammer,1,"2351,9383,0",,,U,,
1,0,Hammer,1,"1239,3682,1",,,,,TwisterMonkey
1,0,Hammer,1,"1953,4974,0",,,U,,
1,0,Hammer,1,"2963,3058,0",,,,,TwisterMonkey
1,0,Hammer,1,"2975,3368,1",,,,,TwisterMonkey
1,0,Hammer,1,"2986,3048,0",,,,,TwisterMonkey
1,0,Hammer,1,"2989,3061,0",,,,,TwisterMonkey
1,0,Hammer,1,"3429,9931,3",,,U,,
1,0,Hammer,1,"3442,9946,3",,,U,,
1,0,Hammer,1,"3749,5657,0",,,U,,
1,0,Hammer,1,"3749,5659,0",,,U,,
7,0,Harpoon,1,"2605,3396,0",y,x,,,TwisterMonkey
3,1,Headless arrow,3,"3240,3940,0",,,,,TwisterMonkey
4,0,Headless arrow,3,"3235,3950,0",,,,,TwisterMonkey
4,0,Headless arrow,2,"3237,3949,0",,,,,TwisterMonkey
1,0,Herring,1,"2563,9511,0",,,U,underground,
1,0,Holy grail,1,"2649,4684,2",,,U,,
6,0,Holy mould,1,"1746,3489,0",,,,,TwisterMonkey
1,0,Holy mould,1,"2931,3287,1",,,,,TwisterMonkey
1,0,Hourglass,1,"2475,4956,0",,,U,,
4,0,Insect repellent,1,"2807,3450,0",y,x,,,
3,1,Iron axe,1,"2821,3086,0",,FALSE,,,
3,0,Iron axe,1,"2822,3079,0",,TRUE,,,
1,0,Iron axe,1,"3162,9888,0",,FALSE,U,near moss giants in varrock sewers; underground,
3,0,Iron bar,1,"3111,3657,0",,TRUE,,,
1,0,Iron bar,1,"2682,9463,0",,FALSE,U,underground somewhere,
3,4,Iron dagger,1,"3248,3245,0",,TRUE,,,
3,0,Iron dagger,1,"3156,3683,0",,TRUE,,,
1,0,Iron dagger,1,"3242,3383,1",,FALSE,,above phoenix gang hideout,
1,0,Iron dagger,1,"3279,3938,3",,TRUE,,top floor of rogues castle,
3,0,Iron full helm,1,"3069,3831,0",y,x,,,
1,0,Iron kiteshield,1,"3247,3795,0",y,x,,,
12,0,Iron mace,1,"2675,3299,0",y,x,,,
9,0,Iron mace,1,"3111,3517,0",y,x,,,
6,0,Iron med helm,1,"2540,3249,0",y,x,,,
2,0,Iron med helm,1,"3178,3684,0",y,x,,,
1,1,Iron ore,1,"3024,9725,0",,FALSE,U,in mining guild so map not available,
1,1,Iron ore,1,"3029,9720,0",,FALSE,U,in mining guild so map not available,
4,1,Iron pickaxe,1,"2672,3728,0",,TRUE,,,
1,0,Iron pickaxe,1,"2770,4515,0",,FALSE,U,underground,
1,0,Iron pickaxe,1,"2843,10337,0",,FALSE,U,underground,
1,0,Iron pickaxe,1,"3347,9753,0",,FALSE,U,underground,
1,0,Iron pickaxe,1,"3347,9817,0",,FALSE,U,underground,
1,0,Iron pickaxe,1,"3348,9752,0",,FALSE,U,underground,
1,0,Iron pickaxe,1,"3348,9816,0",,FALSE,U,underground,
1,0,Iron pickaxe,1,"3350,9751,0",,FALSE,U,underground,
1,0,Iron pickaxe,1,"3350,9815,0",,FALSE,U,underground,
2,1,Iron scimitar,1,"3214,3730,0",y,x,,,TwisterMonkey
2,0,Iron spit,1,"2875,3920,0",,TRUE,,,
1,0,Iron sword,1,"3425,9951,3",,FALSE,U,"slayer tower basement won't show, but text added",
5,1,Jangerberries,1,"2516,3086,0",,TRUE,,all 4 are in one location,
3,1,Jangerberries,1,"2510,3090,0",,TRUE,,,
5,0,Jangerberries,1,"2517,3082,0",,TRUE,,,
4,0,Jangerberries,1,"2512,3080,0",,TRUE,,,
4,1,Jug,1,"2905,3146,0",y,x,,,snailtoes
9,0,Jug,1,"3211,3212,0",y,x,,,TwisterMonkey
8,0,Jug,1,"2936,3292,0",y,x,,,TwisterMonkey
3,0,Jug,1,"3211,9625,0",,,U,,
3,0,Jug,1,"3272,3409,0",y,x,,,TwisterMonkey
1,0,Jug,1,"3142,3447,2",,,,,TwisterMonkey
1,0,Jug,1,"3718,3357,1",,,,,TwisterMonkey
5,1,Jug of water,1,"2568,3102,0",,,,,TwisterMonkey
4,1,Jug of water,1,"1794,3611,0",,,,,TwisterMonkey
7,0,Jug of water,1,"3302,3170,0",,,,,TwisterMonkey
3,0,Jug of wine,1,"3721,3353,0",,,,,TwisterMonkey
1,0,Jug of wine,1,"2806,3449,1",,,,,TwisterMonkey
1,0,Jug of wine,1,"3291,3033,1",,,,,TwisterMonkey
1,0,Kebab,1,"2843,3369,0",y,x,,,
1,0,Keg,1,"3801,2870,1",,,,,TwisterMonkey
1,0,Keg,1,"3801,2876,1",,,,,TwisterMonkey
1,0,Keg,1,"3803,2870,1",,,,,TwisterMonkey
1,0,Keg,1,"3803,2876,1",,,,,TwisterMonkey
7,0,Keg of beer,1,"2660,3676,0",,,,,TwisterMonkey
1,0,Key,1,"2930,3253,1",,,,"Needs investigation (Keys apparently
drop from monsters)",
4,1,King worm,1,"2425,3515,0",,,,,TwisterMonkey
3,1,King worm,1,"2408,3515,0",,,,,TwisterMonkey
3,1,King worm,1,"2408,3518,0",,,,,TwisterMonkey
3,1,King worm,1,"2414,3510,0",,,,,TwisterMonkey
3,1,King worm,1,"2414,3518,0",,,,,TwisterMonkey
3,1,King worm,1,"2415,3511,0",,,,,TwisterMonkey
3,1,King worm,1,"2415,3517,0",,,,,TwisterMonkey
7,0,King worm,1,"2896,3414,0",,,,,TwisterMonkey
5,0,King worm,1,"2426,3507,0",,,,,TwisterMonkey
5,0,King worm,1,"2427,3508,0",,,,,TwisterMonkey
4,0,King worm,1,"2419,3511,0",,,,,TwisterMonkey
3,0,King worm,1,"1960,5563,0",,,U,,
3,0,King worm,1,"1960,5566,0",,,U,,
3,0,King worm,1,"1966,5558,0",,,U,,
3,0,King worm,1,"1966,5566,0",,,U,,
3,0,King worm,1,"1967,5559,0",,,U,,
3,0,King worm,1,"1967,5565,0",,,U,,
3,0,King worm,1,"1971,5559,0",,,U,,
3,0,King worm,1,"1977,5563,0",,,U,,
3,0,King worm,1,"1978,5555,0",,,U,,
3,0,King worm,1,"1979,5556,0",,,U,,
2,0,King worm,1,"1363,3636,0",,,,,TwisterMonkey
2,0,King worm,1,"1364,3635,0",,,,,TwisterMonkey
2,0,King worm,1,"1371,3633,0",,,,,TwisterMonkey
2,0,King worm,1,"1372,3635,0",,,,,TwisterMonkey
5,1,Knife,1,"2681,3717,0",,,,,TwisterMonkey
2,1,Knife,1,"2529,3030,0",,,,,TwisterMonkey
9,0,Knife,1,"3205,3212,0",y,x,,,snailtoes
9,0,Knife,1,"3224,3202,0",y,x,,,snailtoes
8,0,Knife,1,"2704,3475,0",,,,,TwisterMonkey
5,0,Knife,1,"2543,3288,0",,,,,TwisterMonkey
4,0,Knife,1,"2820,3450,0",,,,,TwisterMonkey
4,0,Knife,1,"2903,3148,0",y,x,,,snailtoes
3,0,Knife,1,"1297,3721,0",,,,,TwisterMonkey
3,0,Knife,1,"2700,3407,0",,,,,TwisterMonkey
3,0,Knife,1,"3106,3956,0",,,,,TwisterMonkey
3,0,Knife,1,"3215,9625,0",,,U,,
3,0,Knife,1,"3626,3248,1",,,,,TwisterMonkey
3,0,Knife,1,"3717,3358,0",,,,,TwisterMonkey
2,0,Knife,1,"1369,3635,0",,,,,TwisterMonkey
1,0,Knife,1,"2564,9669,0",,,U,,
1,0,Knife,1,"2567,9526,0",,,U,,
1,0,Knife,1,"2653,9767,0",,,U,,
1,0,Knife,1,"3218,3418,1",,,,,TwisterMonkey
1,0,Knife,1,"3218,9887,0",,,U,,
1,0,Knife,1,"3411,9949,3",,,U,,
1,0,Knife,1,"3423,9953,3",,,U,,
1,0,Lamp,1,"3369,9317,0",,,U,,
3,1,Leather body,1,"3244,3398,0",y,x,,,
11,0,Leather boots,1,"3302,3190,0",,,,,TwisterMonkey
5,0,Leather boots,1,"3111,3159,0",,,,,TwisterMonkey
3,0,Leather boots,1,"3208,9620,0",,,U,,
3,0,Leather boots,1,"3210,9615,0",,,U,,
2,0,Leather boots,1,"3112,3155,1",,,,,TwisterMonkey
1,0,Leather boots,1,"3244,3386,1",,,,,TwisterMonkey
7,0,Leather gloves,1,"3097,3486,0",,,,,TwisterMonkey
2,0,Leather gloves,1,"3148,3177,0",,,,,TwisterMonkey
1,0,Leather gloves,1,"3242,3385,1",,,,,TwisterMonkey
1,0,Left boot,1,"2838,10220,0",,,U,,
3,0,Letter,1,"3479,3092,0",y,x,,,
1,0,Lever,1,"2637,9819,0",,,U,,
1,0,Lift manual,1,"2506,10289,0",,,U,,
10,0,Lit candle,1,"2598,3211,0",,y,,,TindalosKP
6,0,Lit candle,1,"2547,3114,0",,y,,,TindalosKP
3,0,Lit candle,1,"3715,3302,0",,y,,,TindalosKP
2,0,Lit candle,1,"1500,3431,0",,,,,
1,0,Lit candle,1,"3208,3395,1",,y,,,TindalosKP
1,0,Lit candle,1,"3698,3339,1",,y,,,TindalosKP
1,0,Lit candle,1,"3750,3339,1",,y,,,TindalosKP
6,1,Lobster pot,1,"2608,3397,0",y,x,,,TwisterMonkey
1,0,Lockpick,1,"2615,9571,0",,,U,underground,Taanger
3,2,Logs,1,"3303,3502,0",y,x,,,
1,2,Logs,1,"3100,3094,0",,y,,Tutorial Island,TindalosKP
1,2,Logs,1,"3101,3096,0",,y,,Tutorial Island,TindalosKP
3,1,Logs,1,"3243,3397,0",y,x,,,
3,1,Logs,1,"3303,3503,0",y,x,,,
2,1,Logs,1,"3310,3504,0",y,x,,,
10,0,Logs,1,"1256,3741,0",y,x,,,
10,0,Logs,1,"1261,3740,0",y,x,,,
10,0,Logs,1,"1262,3742,0",y,x,,,
7,0,Logs,1,"3089,3265,0",y,x,,,
7,0,Logs,1,"3089,3266,0",y,x,,,
5,0,Logs,1,"2958,3205,0",y,x,,,
5,0,Logs,1,"2959,3205,0",y,x,,,
5,0,Logs,1,"3105,3159,0",y,x,,,
5,0,Logs,1,"3106,3159,0",y,x,,,
5,0,Logs,1,"3106,3160,0",y,x,,,
3,0,Logs,1,"3243,3395,0",y,x,,,
3,0,Logs,1,"3299,3511,0",y,x,,,
3,0,Logs,1,"3300,3508,0",y,x,,,
3,0,Logs,1,"3301,3507,0",y,x,,,
3,0,Logs,1,"3302,3507,0",y,x,,,
3,0,Logs,1,"3302,3510,0",y,x,,,
3,0,Logs,1,"3311,3503,0",y,x,,,
1,0,Logs,1,"3205,3224,2",y,y,,Top of lumbridge castle,TindalosKP
1,0,Logs,1,"3205,3226,2",y,y,,Top of lumbridge castle,TindalosKP
1,0,Logs,1,"3208,3225,2",y,y,,Top of lumbridge castle,TindalosKP
1,0,Logs,1,"3209,3224,2",y,y,,Top of lumbridge castle,TindalosKP
5,0,Longbow,1,"2678,3427,0",,,,,TwisterMonkey
1,0,Magic whistle,1,"2626,4722,0",,,U,,
1,0,Magic whistle,1,"2627,4728,0",,,U,,
1,0,Magic whistle,1,"2637,4692,0",,,U,,
1,0,Max cape,1,"2647,9761,0",,,U,?,
1,0,Max cape,1,"2649,9805,0",,,U,?,
1,0,Metal spade,1,"2473,4941,0",,,U,,
9,0,Mind rune,1,"3206,3208,0",y,x,,,
4,0,Mind rune,5,"3023,3640,0",y,x,,,
2,0,Mind rune,6,"3283,3728,0",y,x,,,
1,0,Mind rune,1,"3224,9910,0",y,,U,,
4,1,Mithril arrow,1,"2681,3426,0",,,,,TwisterMonkey
1,2,Mithril axe,1,"3143,3698,0",n,,,"This location houses green dragons, and no mith axe spawn. So the client probably picked up some loot of the dragons",
1,1,Mithril kiteshield,1,"3334,3694,0",n,,,"This location houses green dragons, and no mith kite spawn. So the client probably picked up some loot of the dragons",
3,0,Monk's robe,1,"3059,3488,1",y,,,,TwisterMonkey
3,0,Monk's robe top,1,"3059,3487,1",y,,,,TwisterMonkey
1,0,Monkey skull,1,"2769,9203,0",,,U,,
1,0,Monkfish,1,"2900,3747,0",,,,,TwisterMonkey
4,0,Muddy rock,1,"2812,3680,0",,,,,TwisterMonkey
4,0,Muddy rock,1,"2812,3687,0",,,,,TwisterMonkey
2,0,Muddy rock,1,"2809,3679,0",,,,,TwisterMonkey
1,0,Muddy rock,1,"2804,3660,0",,,,,TwisterMonkey
2,3,Nature rune,2,"2671,3737,0",,,,,TwisterMonkey
2,2,Nature rune,2,"2672,3738,0",,,,,TwisterMonkey
1,1,Nature rune,3,"3311,3853,0",y,,,"On island, must telegrab - Taiiwo",TwisterMonkey
1,0,Nature rune,4,"3307,3859,0",y,,,"On island, must telegrab - Taiiwo",TwisterMonkey
1,0,Necklace mould,1,"2932,3287,1",,y,,crafting guild,Taanger
1,0,Needle,1,"1244,3685,1",,,,,TwisterMonkey
5,0,Oak shield,1,"2656,3424,0",,,,,TwisterMonkey
1,0,Oil can,1,"3092,9755,0",,,U,,
1,0,Oil lamp,1,"2030,9005,1",,,U,,
1,0,Old journal,1,"2417,9673,0",,,U,,
1,0,Old key,1,"3726,9780,0",,,U,,
1,0,Onion,1,"3211,3247,1",,,,,TwisterMonkey
1,0,Orb of light,1,"2385,9685,0",,,U,,
1,0,Orb of light,1,"2386,9677,0",,,U,,
1,0,Orb of light,1,"2416,9698,0",,,U,,
2,0,Panning tray,1,"3369,3378,0",,,,,TwisterMonkey
4,1,Papyrus,1,"1794,3612,0",,,,,TwisterMonkey
1,1,Papyrus,1,"1750,3585,1",,,,,TwisterMonkey
6,0,Papyrus,1,"2724,3367,0",,,,,TwisterMonkey
2,0,Papyrus,1,"1383,3766,0",,,,,TwisterMonkey
1,0,Papyrus,1,"3290,3033,1",,,,,TwisterMonkey
1,0,Papyrus,1,"3698,3338,1",,,,,TwisterMonkey
1,0,Papyrus,1,"3749,3339,1",,,,,TwisterMonkey
1,0,Phoenix crossbow,1,"3243,3383,1",,,,,TwisterMonkey
1,0,Phoenix crossbow,1,"3245,3385,1",,,,,TwisterMonkey
4,0,Pickled brain,1,"3492,3474,0",,,,,TwisterMonkey
8,0,Picture,1,"2576,3334,0",y,x,,,
4,0,Pie dish,1,"2820,3455,0",y,y,,arsonistick,TwisterMonkey
2,0,Pie dish,1,"3142,3447,1",,,,,TwisterMonkey
2,0,Pie dish,1,"3222,3494,0",,,,,TwisterMonkey
1,0,Pie dish,1,"1731,3579,1",,,,,
1,0,Pie dish,1,"2813,3449,1",,,,,TwisterMonkey
1,0,Pie dish,1,"2993,9847,0",,,U,,TwisterMonkey
7,0,Pigeon cage,1,"2618,3323,0",y,x,,,Demilancer
7,0,Pigeon cage,1,"2618,3324,0",y,x,,,Demilancer
7,0,Pigeon cage,1,"2618,3325,0",y,x,,,Demilancer
2,1,Plank,1,"2648,3156,0",,,,,TwisterMonkey
2,1,Plank,1,"2651,3155,0",,,,,TwisterMonkey
5,0,Plank,1,"2550,3575,0",,,,,TwisterMonkey
4,0,Plank,1,"2553,3576,0",,,,,TwisterMonkey
4,0,Plank,1,"2554,3575,0",,,,,TwisterMonkey
4,0,Plank,1,"2556,3573,0",,,,,TwisterMonkey
2,0,Plank,1,"2435,9726,0",,,U,,
2,0,Plank,1,"2701,2717,0",,,,,TwisterMonkey
2,0,Plank,1,"2704,2718,0",,,,,TwisterMonkey
2,0,Plank,1,"3148,3671,0",,,,,TwisterMonkey
2,0,Plank,1,"3154,3659,0",,,,,TwisterMonkey
2,0,Plank,1,"3154,3670,0",,,,,TwisterMonkey
2,0,Plank,1,"3171,3680,0",,,,,TwisterMonkey
2,0,Plank,1,"3182,3669,0",,,,,TwisterMonkey
2,0,Plank,1,"3734,3805,0",,,,,TwisterMonkey
1,0,Plank,1,"2509,10290,1",,,U,,
1,0,Plank,1,"2846,3384,0",,,,,TwisterMonkey
1,0,Plank,1,"2847,3232,0",,,,,TwisterMonkey
1,0,Plank,1,"2847,3238,0",,,,,TwisterMonkey
1,0,Plank,1,"2848,3383,0",,,,,TwisterMonkey
1,0,Plank,1,"2851,3239,0",,,,,TwisterMonkey
1,0,Plank,1,"2856,3231,0",,,,,TwisterMonkey
1,0,Plank,1,"2856,3236,0",,,,,TwisterMonkey
1,0,Plank,1,"3275,3664,0",,,,,TwisterMonkey
1,0,Plank,1,"3291,3652,0",,,,,TwisterMonkey
1,0,Plank,1,"3723,3819,0",,,,,TwisterMonkey
1,0,Plank,1,"3730,3817,0",,,,,TwisterMonkey
2,0,Poison,1,"3097,3366,0",y,y,,Draynor Manor - Rwd,
4,0,Pole,1,"2813,3685,0",y,x,,,
4,1,Pot,1,"3074,3431,0",y,x,,,snailtoes
4,1,Pot,1,"3232,3399,0",,,,,TwisterMonkey
9,0,Pot,1,"3209,3214,0",y,x,,,snailtoes
5,0,Pot,1,"1766,3589,0",,,,,TwisterMonkey
4,0,Pot,1,"3148,3211,0",,,,,TwisterMonkey
1,0,Pot,1,"2199,3257,0",,,,,TwisterMonkey
1,0,Pot,1,"2918,10191,1",,,U,,
1,0,Pot,1,"3144,3449,2",,,,,TwisterMonkey
1,0,Potato cactus,1,"3460,9484,2",,,U,,
1,0,Potato cactus,1,"3461,9480,2",,,U,,
1,0,Potato cactus,1,"3465,9477,2",,,U,,
1,0,Potato cactus,1,"3467,9493,0",,,U,,
1,0,Potato cactus,1,"3470,9502,0",,,U,,
1,0,Potato cactus,1,"3474,9509,0",,,U,,
1,0,Potato cactus,1,"3479,9483,0",,,U,,
1,0,Potato cactus,1,"3486,9517,0",,,U,,
3,0,Premade blurb' sp.,1,"2972,2972,0",,y,,,TindalosKP
2,0,Premade choc s'dy,1,"2411,9818,0",?,n,U,Its in a dungeon ~ Bassieboy101,
1,2,Proboscis,3,"2808,3076,0",n,n,,I cant find it ~ Bassieboy101,
3,0,Pungent pot,1,"2747,3579,0",,TRUE,,,ltsSmitty
6,0,Purple dye,1,"2563,3261,0",,TRUE,,,ltsSmitty
1,0,Purple dye,1,"1731,3578,1",,FALSE,,technically upstairs but i put it anyway,ltsSmitty
1,0,Queen help book,1,"2584,5273,0",,FALSE,U,underground,ltsSmitty
1,0,Queen help book,1,"2584,5276,0",,FALSE,U,underground,ltsSmitty
2,0,Rake,1,"2852,10191,0",,FALSE,U,underground keldagrim,ltsSmitty
1,0,Rat poison,1,"2564,9662,0",,FALSE,U,underground,ltsSmitty
2,0,Raw herring,1,"2861,3928,0",,TRUE,,,ltsSmitty
3,0,Raw rat meat,1,"3728,3361,0",,TRUE,,,ltsSmitty
3,0,Raw shrimps,1,"3720,3303,0",,TRUE,,,ltsSmitty
2,0,Raw shrimps,1,"1376,3749,0",,TRUE,,,ltsSmitty
1,0,Raw shrimps,1,"2033,8983,1",,FALSE,U,underground,ltsSmitty
1,0,Raw tuna,1,"2037,8978,1",,FALSE,U,underground,ltsSmitty
1,0,Red cog,1,"2583,9613,0",,y,U,"Clock tower basement, underground",Taanger
1,0,Red spiders' eggs,1,"2336,3316,0",,,,,TwisterMonkey
1,0,Red spiders' eggs,1,"2339,3309,0",,,,,TwisterMonkey
1,0,Red spiders' eggs,1,"2340,3312,0",,,,,TwisterMonkey
1,0,Red spiders' eggs,1,"2832,9586,0",,,U,,
1,0,Red spiders' eggs,1,"3117,9951,0",,,U,,
1,0,Red spiders' eggs,1,"3118,9948,0",,,U,,
1,0,Red spiders' eggs,1,"3119,9949,0",,,U,,
1,0,Red spiders' eggs,1,"3126,9958,0",,,U,,
1,0,Red spiders' eggs,1,"3128,9956,0",,,U,,
1,0,Red spiders' eggs,1,"3129,9954,0",,,U,,
1,0,Red spiders' eggs,1,"3177,9880,0",,,U,,
1,0,Red spiders' eggs,1,"3179,9881,0",,,U,,
1,0,Right boot,1,"2836,10226,0",,,U,,
1,0,Ring mould,1,"2935,3283,1",,TRUE,,"technically upstairs, but i put it anyway",ltsSmitty
1,0,Rock,1,"2392,3123,0",,y,,,TindalosKP
1,0,Rock,1,"2443,9653,0",,,U,,
1,0,Rock,1,"2448,9639,0",,,U,,
1,0,Rock,1,"2809,9309,0",,,U,,
1,0,Rock,1,"2809,9311,0",,,U,,
4,0,Rope,1,"2571,3026,0",,,,,TwisterMonkey
4,0,Rope,1,"2904,3152,0",y,x,,,snailtoes
3,0,Rope,1,"1297,3720,0",,,,,TwisterMonkey
2,0,Rope,1,"1285,3763,0",,,,,TwisterMonkey
2,0,Rope,1,"2728,10220,0",,,U,,
2,0,Rope,1,"2731,10202,0",,,U,,
2,0,Rope,1,"2785,3279,0",,,,,TwisterMonkey
2,0,Rope,1,"2786,3286,0",,,,,TwisterMonkey
2,0,Rope,1,"2786,3287,0",,,,,TwisterMonkey
2,0,Rope,1,"2885,3943,0",,,,,TwisterMonkey
1,0,Rope,1,"11284,75,0",,,U,,
1,0,Rope,1,"1999,8995,1",,,U,,
1,0,Rope,1,"2023,8985,1",,,U,,
1,0,Rope,1,"2038,8981,1",,,U,,
1,0,Rope,1,"2403,9660,0",,,U,,
1,0,Rope,1,"2700,10163,0",,,U,,
1,0,Rope,1,"2703,10155,0",,,U,,
1,0,Rope,1,"2718,10163,0",,,U,,
1,0,Rope,1,"3223,9933,0",,,U,,TwisterMonkey
5,1,Rotten apple,1,"2535,3333,0",,TRUE,,the wiki says there are more than just this one location,
1,0,Rotten barrel,1,"2710,10157,0",,,U,underground,
1,0,Rotten barrel,1,"2711,10157,0",,,U,underground,
1,2,Rotten food,1,"3663,3874,0",,TRUE,,,
1,2,Rotten food,1,"3663,3876,0",,TRUE,,,
1,0,Rotten food,1,"3752,3297,1",,TRUE,,,
2,1,Rubber tube,1,"3111,3367,0",y,y,,You can only get it if you are doing the quest: Ernest the Chicken ~ Bassieboy101,
1,0,Ruby ring,1,"3196,9822,0",?,n,U,"It is in a dungeon, i dont know how to get it ~ Bassieboy101",
2,0,Sapphire,1,"2679,3740,0",y,x,,Bassieboy101,
2,0,Sapphire,1,"3170,3885,0",y,x,,Bassieboy101,
1,0,Saradomin cape,1,"2500,4720,0",y,n,U,"Its a mage arena miniquest reward, it is in the cave ~ Bassieboy101",
5,0,Saw,1,"3241,3470,0",y,x,,Bassieboy101,
3,0,Scrap paper,1,"2746,3580,0",n,n,,"I cant find it, probably locked after a quest or is outdated ~ Bassieboy101",
1,2,Seaweed,1,"2855,2961,0",,y,,,
3,1,Seaweed,1,"2840,2974,0",,y,,,
3,1,Seaweed,1,"2854,2977,0",,y,,,
3,1,Seaweed,1,"2960,2959,0",,y,,,
2,1,Seaweed,1,"1749,3463,0",,y,,,
1,1,Seaweed,1,"1731,3461,0",,y,,,
1,1,Seaweed,1,"1816,3446,0",,y,,,
7,0,Seaweed,1,"2699,3729,0",,y,,,
7,0,Seaweed,1,"2701,3731,0",,y,,,
6,0,Seaweed,1,"2693,3727,0",,y,,,
6,0,Seaweed,1,"2708,3728,0",,y,,,
6,0,Seaweed,1,"2712,3732,0",,y,,,
6,0,Seaweed,1,"2714,3733,0",,y,,,
6,0,Seaweed,1,"2719,3733,0",,y,,,
6,0,Seaweed,1,"2721,3731,0",,y,,,
6,0,Seaweed,1,"2725,3731,0",,y,,,
5,0,Seaweed,1,"2771,2995,0",,y,,,
5,0,Seaweed,1,"2782,2987,0",,y,,,
5,0,Seaweed,1,"2786,2960,0",,y,,,
4,0,Seaweed,1,"1791,3678,0",,y,,,
4,0,Seaweed,1,"1818,3602,0",,y,,,
4,0,Seaweed,1,"1821,3589,0",,y,,,
4,0,Seaweed,1,"1826,3593,0",,y,,,
4,0,Seaweed,1,"2755,3017,0",,y,,,
4,0,Seaweed,1,"2866,2976,0",,y,,,
4,0,Seaweed,1,"2896,3119,0",,y,,,
4,0,Seaweed,1,"2939,3073,0",,y,,,
4,0,Seaweed,1,"2947,3067,0",,y,,,
4,0,Seaweed,1,"2952,2951,0",,y,,,
4,0,Seaweed,1,"2955,3010,0",,y,,,
3,0,Seaweed,1,"1773,3459,0",,y,,,
3,0,Seaweed,1,"1779,3459,0",,y,,,
3,0,Seaweed,1,"1784,3457,0",,y,,,
3,0,Seaweed,1,"1788,3695,0",,y,,,
3,0,Seaweed,1,"1789,3460,0",,y,,,
3,0,Seaweed,1,"1789,3687,0",,y,,,
3,0,Seaweed,1,"1789,3692,0",,y,,,
3,0,Seaweed,1,"1790,3703,0",,y,,,
3,0,Seaweed,1,"1798,3460,0",,y,,,
3,0,Seaweed,1,"1800,3449,0",,y,,,
3,0,Seaweed,1,"1800,3457,0",,y,,,
3,0,Seaweed,1,"1801,3453,0",,y,,,
3,0,Seaweed,1,"1829,3600,0",,y,,,
3,0,Seaweed,1,"1831,3621,0",,y,,,
3,0,Seaweed,1,"1833,3633,0",,y,,,
3,0,Seaweed,1,"1840,3614,0",,y,,,
3,0,Seaweed,1,"1841,3599,0",,y,,,
3,0,Seaweed,1,"1841,3620,0",,y,,,
3,0,Seaweed,1,"1844,3587,0",,y,,,
3,0,Seaweed,1,"1851,3574,0",,y,,,
3,0,Seaweed,1,"1853,3570,0",,y,,,
3,0,Seaweed,1,"1853,3580,0",,,,,
3,0,Seaweed,1,"2753,3119,0",,,,,
3,0,Seaweed,1,"2755,2952,0",,,,,
3,0,Seaweed,1,"2755,3049,0",,,,,
3,0,Seaweed,1,"2755,3071,0",,,,,
3,0,Seaweed,1,"2756,3008,0",,,,,
3,0,Seaweed,1,"2756,3075,0",,,,,
3,0,Seaweed,1,"2756,3125,0",,,,,
3,0,Seaweed,1,"2757,3109,0",,,,,
3,0,Seaweed,1,"2762,3001,0",,,,,
3,0,Seaweed,1,"2807,3129,0",,,,,
3,0,Seaweed,1,"2913,3111,0",,,,,
3,0,Seaweed,1,"2926,3110,0",,,,,
2,0,Seaweed,1,"1739,3467,0",,,,,
2,0,Seaweed,1,"1810,3438,0",,,,,
2,0,Seaweed,1,"1812,3439,0",,,,,
2,0,Seaweed,1,"1814,3438,0",,,,,
2,0,Seaweed,1,"1820,3448,0",,,,,
2,0,Seaweed,1,"1823,3448,0",,,,,
2,0,Seaweed,1,"1851,3545,0",,,,,
2,0,Seaweed,1,"1853,3544,0",,,,,
2,0,Seaweed,1,"1858,3566,0",,,,,
2,0,Seaweed,1,"1860,3564,0",,,,,
2,0,Seaweed,1,"1864,3565,0",,,,,
2,0,Seaweed,1,"1875,3562,0",,,,,
2,0,Seaweed,1,"1875,3564,0",,,,,
2,0,Seaweed,1,"1876,3545,0",,,,,
2,0,Seaweed,1,"1877,3561,0",,,,,
2,0,Seaweed,1,"2757,2947,0",,,,,
2,0,Seaweed,1,"2803,3382,0",,,,,
2,0,Seaweed,1,"2804,3380,0",,,,,
2,0,Seaweed,1,"2804,3385,0",,,,,
2,0,Seaweed,1,"2805,3381,0",,,,,
2,0,Seaweed,1,"2805,3384,0",,,,,
2,0,Seaweed,1,"2807,3386,0",,,,,
2,0,Seaweed,1,"2809,3388,0",,,,,
2,0,Seaweed,1,"2810,3387,0",,,,,
2,0,Seaweed,1,"2864,3195,0",,,,,
2,0,Seaweed,1,"2940,3102,0",,,,,
2,0,Seaweed,1,"2975,3013,0",,,,,
1,0,Seaweed,1,"1686,3459,0",,,,,
1,0,Seaweed,1,"1687,3459,0",,,,,
1,0,Seaweed,1,"1688,3459,0",,,,,
1,0,Seaweed,1,"1689,3459,0",,,,,
1,0,Seaweed,1,"1690,3458,0",,,,,
1,0,Seaweed,1,"1842,3452,0",,,,,
1,0,Seaweed,1,"1843,3454,0",,,,,
1,0,Seaweed,1,"1845,3521,0",,,,,
1,0,Seaweed,1,"1845,3534,0",,,,,
1,0,Seaweed,1,"1846,3456,0",,,,,
1,0,Seaweed,1,"1846,3466,0",,,,,
1,0,Seaweed,1,"1848,3469,0",,,,,
1,0,Seaweed,1,"1850,3462,0",,,,,
1,0,Seaweed,1,"1854,3467,0",,,,,
1,0,Seaweed,1,"1878,3547,0",,,,,
1,0,Seaweed,1,"1881,3548,0",,,,,
1,0,Seaweed,1,"2807,3384,0",,,,,
1,0,Seaweed,1,"2809,3385,0",,,,,
1,0,Seaweed,1,"3808,3060,0",,,,,
1,0,Seaweed,1,"3814,3065,0",,,,,
1,0,Seaweed,1,"3815,3064,0",,,,,
1,0,Seaweed,1,"3829,3052,0",,,,,
3,1,Shears,1,"3192,3272,0",y,y,,Draynor Manor - Rwd,
4,0,Shears,1,"1653,3571,0",,,,,TwisterMonkey
4,0,Shears,1,"1776,3654,0",,,,,TwisterMonkey
4,0,Shears,1,"3152,3306,0",,,,,TwisterMonkey
2,0,Shears,1,"3126,3356,0",,,,,TwisterMonkey
1,0,Shears,1,"2930,3285,1",,,,,TwisterMonkey
1,0,Shiny key,1,"2628,9859,0",,,U,,
4,0,Shoes,1,"3439,2913,0",,TRUE,,nardah mayor's house,ltsSmitty
3,0,Shortbow,1,"3389,3123,0",,TRUE,,,
1,0,Shortbow,1,"2914,3439,1",,y,,,TindalosKP
1,2,Shrunk ogleroot,1,"2905,9866,0",,,U,,
1,2,Shrunk ogleroot,1,"2907,9866,0",,,U,,
3,0,Skull,1,"2977,3529,0",,,,,TwisterMonkey
3,0,Skull,1,"2978,3531,0",,,,,TwisterMonkey
2,0,Skull,1,"1471,3568,0",,,,,TwisterMonkey
2,0,Skull,1,"1478,3536,0",,,,,TwisterMonkey
2,0,Skull,1,"3217,3745,0",,,,,TwisterMonkey
2,0,Skull,1,"3233,3740,0",,,,,TwisterMonkey
2,0,Skull,1,"3256,3744,0",,,,,TwisterMonkey
1,0,Skull,1,"2485,2928,0",,,,,TwisterMonkey
1,0,Sled,1,"2804,3785,0",,,,,TwisterMonkey
3,0,Slice of cake,1,"2691,3218,0",,,,,TwisterMonkey
2,0,Slice of cake,1,"2691,3203,0",,,,,TwisterMonkey
1,0,Small fishing net,1,"2037,8986,1",,,U,seems to be underground,Taanger
4,0,Smashed glass,1,"3481,3277,0",,,,,TwisterMonkey
4,0,Smashed glass,1,"3482,3276,0",,,,,TwisterMonkey
4,0,Smashed glass,1,"3482,3279,0",,,,,TwisterMonkey
1,0,Smashed glass,1,"3768,3382,0",,,,,TwisterMonkey
1,0,Smelly journal,1,"1691,3939,0",,,,,
2,1,Snape grass,1,"1835,3640,0",,TRUE,,,ltsSmitty
2,1,Snape grass,1,"1836,3643,0",,TRUE,,,ltsSmitty
2,1,Snape grass,1,"1837,3642,0",,TRUE,,,ltsSmitty
2,1,Snape grass,1,"1838,3644,0",,TRUE,,,ltsSmitty
8,0,Snape grass,1,"2906,3297,0",,TRUE,,,ltsSmitty
8,0,Snape grass,1,"2907,3295,0",,TRUE,,,ltsSmitty
8,0,Snape grass,1,"2917,3274,0",,TRUE,,,ltsSmitty
3,0,Snape grass,1,"1835,3638,0",,TRUE,,,ltsSmitty
3,0,Snape grass,1,"1836,3638,0",,TRUE,,,ltsSmitty
3,0,Snape grass,1,"2500,3730,0",,TRUE,,,ltsSmitty
3,0,Snape grass,1,"2500,3731,0",,TRUE,,,ltsSmitty
3,0,Snape grass,1,"2501,3727,0",,TRUE,,,ltsSmitty
3,0,Snape grass,1,"2501,3729,0",,TRUE,,,ltsSmitty
3,0,Snape grass,1,"2501,3732,0",,TRUE,,,ltsSmitty
3,0,Snape grass,1,"2502,3726,0",,TRUE,,,ltsSmitty
3,0,Snape grass,1,"2502,3753,0",,TRUE,,,ltsSmitty
3,0,Snape grass,1,"2502,3756,0",,TRUE,,,ltsSmitty
3,0,Snape grass,1,"2502,3757,0",,TRUE,,,ltsSmitty
3,0,Snape grass,1,"2503,3733,0",,TRUE,,,ltsSmitty
3,0,Snape grass,1,"2503,3758,0",,TRUE,,,ltsSmitty
3,0,Snape grass,1,"2503,3759,0",,TRUE,,,ltsSmitty
3,0,Snape grass,1,"2504,3732,0",,TRUE,,,ltsSmitty
3,0,Snape grass,1,"2504,3753,0",,TRUE,,,ltsSmitty
3,0,Snape grass,1,"2506,3731,0",,TRUE,,,ltsSmitty
3,0,Snape grass,1,"2525,3751,0",,TRUE,,,ltsSmitty
3,0,Snape grass,1,"2527,3746,0",,TRUE,,,ltsSmitty
3,0,Snape grass,1,"2528,3716,0",,TRUE,,,ltsSmitty
3,0,Snape grass,1,"2529,3735,0",,TRUE,,,ltsSmitty
3,0,Snape grass,1,"2531,3735,0",,TRUE,,,ltsSmitty
3,0,Snape grass,1,"2532,3762,0",,TRUE,,,ltsSmitty
3,0,Snape grass,1,"2540,3765,0",,TRUE,,,ltsSmitty
3,0,Snape grass,1,"2542,3765,0",,TRUE,,,ltsSmitty
3,0,Snape grass,1,"2546,3763,0",,TRUE,,,ltsSmitty
3,0,Snape grass,1,"2552,3757,0",,TRUE,,,ltsSmitty
3,0,Snape grass,1,"2553,3751,0",,TRUE,,,ltsSmitty
3,0,Snape grass,1,"2553,3754,0",,TRUE,,,ltsSmitty
2,0,Snape grass,1,"1840,3644,0",,TRUE,,,ltsSmitty
2,0,Snape grass,1,"1840,3645,0",,TRUE,,,ltsSmitty
2,0,Snape grass,1,"1842,3644,0",,TRUE,,,ltsSmitty
2,0,Snape grass,1,"1843,3643,0",,TRUE,,,ltsSmitty
7,1,Spade,1,"2566,3330,0",,y,,,TindalosKP
3,1,Spade,1,"3572,3312,0",,y,,,TindalosKP
11,0,Spade,1,"2981,3370,0",,y,,,TindalosKP
10,0,Spade,1,"1251,3735,0",,y,,,TindalosKP
4,0,Spade,1,"1657,3569,0",,y,,,
4,0,Spade,1,"3571,3310,0",,y,,,TindalosKP
2,0,Spade,1,"3120,3359,0",y,y,,Draynor Manor - Rwd,
1,0,Spade,1,"1479,3599,0",,y,,,
1,0,Spade,1,"1951,4964,0",,,U,,
1,0,Spade,1,"2031,8984,1",,,U,,
1,0,Spade,1,"3218,3412,1",,,,,TindalosKP
1,0,Spade,1,"3426,9958,3",,,U,,
1,0,Spade,1,"3562,9677,0",,,U,,
1,0,Staff of armadyl,1,"2638,9906,0",,,U,,
2,0,Staff of earth,1,"3100,3862,0",y,x,,,
1,0,Steel arrowtips,1,"3125,9997,0",,,U,,
1,0,Steel bar,1,"2630,9422,0",,,U,underground ,Taanger
2,0,Steel dagger,1,"3158,3672,0",,,,,TwisterMonkey
2,0,Steel dagger,1,"3312,3769,0",,,,,TwisterMonkey
1,0,Steel dagger,1,"3292,3762,0",,,,,TwisterMonkey
1,0,Steel longsword,1,"2812,4566,0",,,U,,
1,0,Steel pickaxe,1,"2812,4571,0",,,U,,
1,0,Steel pickaxe,1,"3428,9960,3",,,U,,
2,0,Steel platebody,1,"3085,3859,0",y,x,,,
3,0,Steel platelegs,1,"3184,3733,0",y,x,,,
1,0,Steel sword,1,"3283,3658,0",,,,,TwisterMonkey
1,0,Stick,1,"3542,9911,0",,,U,,
7,0,Stone ball,1,"2893,3561,0",,,,,TwisterMonkey
7,0,Stone ball,1,"2893,3562,0",,,,,TwisterMonkey
7,0,Stone ball,1,"2893,3563,0",,,,,TwisterMonkey
7,0,Stone ball,1,"2893,3564,0",,,,,TwisterMonkey
7,0,Stone ball,1,"2893,3565,0",,,,,TwisterMonkey
1,0,Strange implement,1,"2713,4913,0",,,U,not on main map,
2,0,Strawberry,1,"1376,3503,0",,,,,TwisterMonkey
5,0,Superantipoison(1),1,"2467,3176,0",yes,,,,
3,3,Swamp tar,1,"3472,3446,0",,TRUE,,,ltsSmitty
5,2,Swamp tar,1,"3181,3193,0",,TRUE,,,ltsSmitty
3,2,Swamp tar,1,"3193,3181,0",,TRUE,,,ltsSmitty
1,1,Swamp tar,1,"3409,3363,0",,TRUE,,,ltsSmitty
1,1,Swamp tar,1,"3412,3366,0",,TRUE,,,ltsSmitty
1,1,Swamp tar,1,"3446,3279,0",,TRUE,,,ltsSmitty
1,1,Swamp tar,1,"3459,3374,0",,TRUE,,,ltsSmitty
1,1,Swamp tar,1,"3470,3429,0",,TRUE,,,ltsSmitty
1,1,Swamp tar,1,"3473,3435,0",,TRUE,,,ltsSmitty
1,1,Swamp tar,1,"3494,3395,0",,TRUE,,,ltsSmitty
5,0,Swamp tar,1,"3179,3190,0",,TRUE,,,ltsSmitty
4,0,Swamp tar,1,"3164,3187,0",,TRUE,,,ltsSmitty
4,0,Swamp tar,1,"3171,3191,0",,TRUE,,,ltsSmitty
4,0,Swamp tar,1,"3428,3322,0",,TRUE,,,ltsSmitty
4,0,Swamp tar,1,"3435,3311,0",,TRUE,,,ltsSmitty
4,0,Swamp tar,1,"3436,3298,0",,TRUE,,,ltsSmitty
4,0,Swamp tar,1,"3451,3320,0",,TRUE,,,ltsSmitty
3,0,Swamp tar,1,"3164,3169,0",,TRUE,,,ltsSmitty
3,0,Swamp tar,1,"3164,3180,0",,TRUE,,,ltsSmitty
3,0,Swamp tar,1,"3170,3167,0",,TRUE,,,ltsSmitty
3,0,Swamp tar,1,"3171,3177,0",,TRUE,,,ltsSmitty
3,0,Swamp tar,1,"3173,3166,0",,TRUE,,,ltsSmitty
3,0,Swamp tar,1,"3173,3178,0",,TRUE,,,ltsSmitty
3,0,Swamp tar,1,"3182,3165,0",,TRUE,,,ltsSmitty
3,0,Swamp tar,1,"3183,3180,0",,TRUE,,,ltsSmitty
3,0,Swamp tar,1,"3185,3161,0",,TRUE,,,ltsSmitty
3,0,Swamp tar,1,"3189,3163,0",,TRUE,,,ltsSmitty
3,0,Swamp tar,1,"3191,3162,0",,TRUE,,,ltsSmitty
3,0,Swamp tar,1,"3194,3168,0",,TRUE,,,ltsSmitty
3,0,Swamp tar,1,"3462,3350,0",,TRUE,,,ltsSmitty
3,0,Swamp tar,1,"3471,3343,0",,TRUE,,,ltsSmitty
2,0,Swamp tar,1,"3441,3413,0",,TRUE,,,ltsSmitty
2,0,Swamp tar,1,"3441,3438,0",,TRUE,,,ltsSmitty
2,0,Swamp tar,1,"3442,3289,0",,TRUE,,,ltsSmitty
2,0,Swamp tar,1,"3442,3412,0",,TRUE,,,ltsSmitty
2,0,Swamp tar,1,"3445,3404,0",,TRUE,,,ltsSmitty
2,0,Swamp tar,1,"3445,3435,0",,TRUE,,,ltsSmitty
2,0,Swamp tar,1,"3448,3430,0",,TRUE,,,ltsSmitty
2,0,Swamp tar,1,"3449,3434,0",,TRUE,,,ltsSmitty
2,0,Swamp tar,1,"3450,3358,0",,TRUE,,,ltsSmitty
2,0,Swamp tar,1,"3450,3416,0",,TRUE,,,ltsSmitty
2,0,Swamp tar,1,"3451,3358,0",,TRUE,,,ltsSmitty
2,0,Swamp tar,1,"3451,3402,0",,TRUE,,,ltsSmitty
2,0,Swamp tar,1,"3452,3377,0",,TRUE,,,ltsSmitty
2,0,Swamp tar,1,"3452,3378,0",,TRUE,,,ltsSmitty
2,0,Swamp tar,1,"3452,3388,0",,TRUE,,,ltsSmitty
2,0,Swamp tar,1,"3452,3389,0",,TRUE,,,ltsSmitty
2,0,Swamp tar,1,"3453,3441,0",,TRUE,,,ltsSmitty
2,0,Swamp tar,1,"3459,3419,0",,TRUE,,,ltsSmitty
2,0,Swamp tar,1,"3460,3354,0",,TRUE,,,ltsSmitty
2,0,Swamp tar,1,"3465,3432,0",,TRUE,,,ltsSmitty
2,0,Swamp tar,1,"3467,3376,0",,TRUE,,,ltsSmitty
2,0,Swamp tar,1,"3469,3433,0",,TRUE,,,ltsSmitty
2,0,Swamp tar,1,"3477,3443,0",,TRUE,,,ltsSmitty
2,0,Swamp tar,1,"3478,3438,0",,TRUE,,,ltsSmitty
2,0,Swamp tar,1,"3480,3419,0",,TRUE,,,ltsSmitty
2,0,Swamp tar,1,"3483,3426,0",,TRUE,,,ltsSmitty
1,0,Swamp tar,1,"3424,3287,0",,TRUE,,,ltsSmitty
1,0,Swamp tar,1,"3428,3292,0",,TRUE,,,ltsSmitty
1,0,Swamp tar,1,"3428,3436,0",,TRUE,,,ltsSmitty
1,0,Swamp tar,1,"3432,3401,0",,TRUE,,,ltsSmitty
1,0,Swamp tar,1,"3434,3277,0",,TRUE,,,ltsSmitty
1,0,Swamp tar,1,"3434,3432,0",,TRUE,,,ltsSmitty
1,0,Swamp tar,1,"3435,3402,0",,TRUE,,,ltsSmitty
1,0,Swamp tar,1,"3435,3426,0",,TRUE,,,ltsSmitty
1,0,Swamp tar,1,"3439,3377,0",,TRUE,,,ltsSmitty
1,0,Swamp tar,1,"3440,3375,0",,TRUE,,,ltsSmitty
1,0,Swamp tar,1,"3447,3268,0",,TRUE,,,ltsSmitty
1,0,Swamp tar,1,"3458,3367,0",,TRUE,,,ltsSmitty
1,0,Swamp tar,1,"3460,3405,0",,TRUE,,,ltsSmitty
1,0,Swamp tar,1,"3461,3413,0",,TRUE,,,ltsSmitty
1,0,Swamp tar,1,"3466,3416,0",,TRUE,,,ltsSmitty
1,0,Swamp tar,1,"3469,3361,0",,TRUE,,,ltsSmitty
1,0,Swamp tar,1,"3471,3419,0",,TRUE,,,ltsSmitty
1,0,Swamp tar,1,"3472,3403,0",,TRUE,,,ltsSmitty
1,0,Swamp tar,1,"3474,3414,0",,TRUE,,,ltsSmitty
1,0,Swamp tar,1,"3476,3364,0",,TRUE,,,ltsSmitty
1,0,Swamp tar,1,"3494,3401,0",,TRUE,,,ltsSmitty
1,0,Swamp tar,1,"3502,3401,0",,TRUE,,,ltsSmitty
2,2,Swamp toad,1,"2407,3516,0",,,,,TwisterMonkey
4,1,Swamp toad,1,"2424,3514,0",,,,,TwisterMonkey
3,1,Swamp toad,1,"2406,3405,0",,,,,TwisterMonkey
3,1,Swamp toad,1,"2409,3514,0",,,,,TwisterMonkey
3,1,Swamp toad,1,"2411,3512,0",,,,,TwisterMonkey
3,1,Swamp toad,1,"2412,3519,0",,,,,TwisterMonkey
3,1,Swamp toad,1,"2413,3511,0",,,,,TwisterMonkey
3,1,Swamp toad,1,"2415,3518,0",,,,,TwisterMonkey
7,0,Swamp toad,1,"2903,3400,0",,,,,TwisterMonkey
7,0,Swamp toad,1,"2908,3410,0",,,,,TwisterMonkey
5,0,Swamp toad,1,"2417,3508,0",,,,,TwisterMonkey
5,0,Swamp toad,1,"2421,3509,0",,,,,TwisterMonkey
5,0,Swamp toad,1,"2428,3510,0",,,,,TwisterMonkey
4,0,Swamp toad,1,"2408,3408,0",,,,,TwisterMonkey
4,0,Swamp toad,1,"2416,3512,0",,,,,TwisterMonkey
4,0,Swamp toad,1,"2417,3512,0",,,,,TwisterMonkey
4,0,Swamp toad,1,"2417,3515,0",,,,,TwisterMonkey
4,0,Swamp toad,1,"2417,3516,0",,,,,TwisterMonkey
4,0,Swamp toad,1,"2418,3511,0",,,,,TwisterMonkey
4,0,Swamp toad,1,"2418,3517,0",,,,,TwisterMonkey
4,0,Swamp toad,1,"2421,3519,0",,,,,TwisterMonkey
4,0,Swamp toad,1,"2424,3517,0",,,,,TwisterMonkey
4,0,Swamp toad,1,"2907,3394,0",,,,,TwisterMonkey
3,0,Swamp toad,1,"1961,5562,0",,,U,,TwisterMonkey
3,0,Swamp toad,1,"1963,5560,0",,,U,,TwisterMonkey
3,0,Swamp toad,1,"1964,5567,0",,,U,,TwisterMonkey
3,0,Swamp toad,1,"1965,5559,0",,,U,,TwisterMonkey
3,0,Swamp toad,1,"1967,5566,0",,,U,,TwisterMonkey
3,0,Swamp toad,1,"1968,5560,0",,,U,,TwisterMonkey
3,0,Swamp toad,1,"1969,5556,0",,,U,,TwisterMonkey
3,0,Swamp toad,1,"1969,5560,0",,,U,,TwisterMonkey
3,0,Swamp toad,1,"1969,5563,0",,,U,,TwisterMonkey
3,0,Swamp toad,1,"1969,5564,0",,,U,,TwisterMonkey
3,0,Swamp toad,1,"1970,5559,0",,,U,,TwisterMonkey
3,0,Swamp toad,1,"1970,5565,0",,,U,,TwisterMonkey
3,0,Swamp toad,1,"1973,5557,0",,,U,,TwisterMonkey
3,0,Swamp toad,1,"1973,5567,0",,,U,,TwisterMonkey
3,0,Swamp toad,1,"1976,5562,0",,,U,,TwisterMonkey
3,0,Swamp toad,1,"1976,5565,0",,,U,,TwisterMonkey
3,0,Swamp toad,1,"1980,5558,0",,,U,,TwisterMonkey
3,0,Swamp toad,1,"2381,3414,0",,,,,TwisterMonkey
3,0,Swamp toad,1,"2382,3412,0",,,,,TwisterMonkey
3,0,Swamp toad,1,"2388,3410,0",,,,,TwisterMonkey
3,0,Swamp toad,1,"2399,3406,0",,,,,TwisterMonkey
3,0,Swamp toad,1,"2401,3404,0",,,,,TwisterMonkey
7,0,Tankard,1,"2659,3676,0",,,,,TwisterMonkey
1,0,Tarn's diary,1,"7051,5082,0",n,,U,Unlocatable Coordinates,
5,0,Teasing stick,1,"2775,2994,0",y,x,,,
1,0,The turncloak,1,"3730,3354,1",,,,,TwisterMonkey
3,0,Thread,1,"3286,3491,0",,,,,TwisterMonkey
1,0,Thread,1,"1244,3684,1",,,,upstairs,
1,0,Tiara mould,1,"2935,3282,1",,y,,,TindalosKP
3,1,Tile,1,"3002,3698,0",,TRUE,,,ltsSmitty
3,0,Tile,1,"2987,3684,0",,TRUE,,,ltsSmitty
2,0,Tile,1,"2955,3700,0",,TRUE,,,ltsSmitty
2,0,Tile,1,"2956,3702,0",,TRUE,,,ltsSmitty
2,0,Tile,1,"2957,3697,0",,TRUE,,,ltsSmitty
2,0,Tile,1,"2959,3697,0",,TRUE,,,ltsSmitty
2,0,Tile,1,"2963,3706,0",,TRUE,,,ltsSmitty
2,0,Tile,1,"2976,3682,0",,TRUE,,,ltsSmitty
2,0,Tile,1,"2978,3704,0",,TRUE,,,ltsSmitty
2,0,Tile,1,"2983,3697,0",,TRUE,,,ltsSmitty
2,0,Tile,1,"2993,3691,0",,TRUE,,,ltsSmitty
2,0,Tile,1,"3149,3674,0",,TRUE,,,ltsSmitty
2,0,Tile,1,"3165,3660,0",,TRUE,,,ltsSmitty
2,0,Tile,1,"3174,3688,0",,TRUE,,,ltsSmitty
2,0,Tile,1,"3184,3672,0",,TRUE,,,ltsSmitty
1,0,Tile,1,"3018,5080,1",,TRUE,U,,ltsSmitty
1,0,Tile,1,"3271,3656,0",,TRUE,,,ltsSmitty
1,0,Tile,1,"3278,3664,0",,TRUE,,,ltsSmitty
1,0,Tile,1,"3281,3663,0",,TRUE,,,ltsSmitty
1,0,Tile,1,"3289,3651,0",,TRUE,,,ltsSmitty
1,0,Tiles,1,"3011,5082,1",,FALSE,U,,ltsSmitty
1,0,Tiles,1,"3013,5090,1",,FALSE,U,,ltsSmitty
1,0,Tiles,1,"3018,5086,1",,FALSE,U,,ltsSmitty
19,1,Tinderbox,1,"2431,3072,0",,y,,Usable in Castle Wars only,TindalosKP
4,0,Tinderbox,1,"1241,3703,0",y,y,,South of Farming Guild,
4,0,Tinderbox,1,"1742,3604,0",y,y,,Behind Hosidius Bank (watch out for guard dogs),
2,0,Tinderbox,1,"2368,3135,0",,y,,Usable in Castle Wars only,TindalosKP
1,0,Tinderbox,1,"2376,3127,1",,y,,Usable in Castle Wars only,TindalosKP
1,0,Tinderbox,1,"2423,3080,1",,y,,Usable in Castle Wars only,TindalosKP
1,0,Tinderbox,1,"3112,3369,2",,y,,upstairs,TindalosKP
1,0,Tinderbox,1,"3405,9937,3",,,U,upstairs,
1,0,Tinderbox,1,"3806,2873,1",,,,upstairs but invisible?,
1,0,Toad batta,1,"3139,4554,0",,TRUE,U,,ltsSmitty
9,0,Tomato,1,"3085,3261,0",y,y,,Aggies House - Rwd,
3,0,Tomato,1,"3039,3706,0",y,y,,Bandit Camp (Wilderness),
1,0,Tomato,1,"2584,2966,0",y,y,,Feldip Hills,
3,0,Triangle sandwich,1,"1620,3501,0",y,x,,Unreachable without telekinetic grab,
1,1,Uncut emerald,1,"3336,3696,0",,TRUE,,,
1,0,Uncut sapphire,1,"2788,3870,0",,TRUE,,"there's also one in KBD, but not on page since underground",
1,2,Vial,1,"3079,3332,0",,y,,,TindalosKP
1,2,Vial,1,"3094,3817,0",,y,,,TindalosKP
1,1,Vial,1,"3332,3692,0",,y,,,TindalosKP
1,1,Vial,1,"3339,3862,0",,y,,,TindalosKP
1,1,Vial,1,"3442,3573,0",,y,,,TindalosKP
5,0,Vial,1,"1767,3589,0",,TRUE,,hosidius,ltsSmitty
4,0,Vial,1,"3481,3278,0",,TRUE,,mort'ton sw building,ltsSmitty
4,0,Vial,1,"3481,3279,0",,TRUE,,mort'ton sw building,ltsSmitty
3,0,Vial,1,"3716,3358,0",,TRUE,,1 inside crompwick manor,ltsSmitty
2,0,Vial,1,"3188,3839,0",,TRUE,,lava dragon isle,ltsSmitty
2,0,Vial,1,"3196,3849,0",,TRUE,,lava dragon isle,ltsSmitty
1,0,Vial,1,"2424,3078,1",,TRUE,,castle wars upstairs,ltsSmitty
1,0,Vial,1,"2430,3077,1",,TRUE,,castle wars upstairs,ltsSmitty
1,0,Vial,1,"2587,3090,2",,TRUE,,"wizard's guild, top floor",ltsSmitty
1,0,Vial,1,"2588,3090,2",,TRUE,,"wizard's guild, top floor",ltsSmitty
1,0,Vial,1,"2702,3408,1",,TRUE,,"Sorcerer's tower, upstairs",ltsSmitty
1,0,Vial,1,"2808,3343,0",,TRUE,,"entrana, inside herb store",ltsSmitty
1,0,Vial,1,"2809,3342,0",,TRUE,,"entrana, inside herb store",ltsSmitty
0,0,Vial,1,"2472,4941,0",,FALSE,U,underground,ltsSmitty
5,0,Washing bowl,1,"3437,3337,0",y,x,,,
1,1,Water rune,75,"3336,3694,0",,x,,,
4,0,Water rune,5,"3028,3637,0",y,x,,,
3,0,Water rune,5,"2960,3899,0",,x,,40s,
2,0,Water rune,4,"3298,3316,0",y,x,,,
9,0,White apron,1,"3009,3204,0",y,x,,,
9,0,White apron,1,"3016,3229,0",y,x,,,
1,0,White berries,1,"2262,3168,0",,TRUE,,,
1,0,White berries,1,"3214,3809,0",,TRUE,,,
1,0,White berries,1,"3218,3814,0",,TRUE,,,
1,0,White cog,1,"2577,9655,0",,,U,underground,
1,2,Willow logs,1,"3221,3307,0",,TRUE,,,
7,1,Wine of zamorak,1,"2930,3515,0",,TRUE,,,ltsSmitty
2,0,Wine of zamorak,1,"2950,3824,0",,TRUE,,,ltsSmitty
2,0,Wolf bones,1,"2848,3921,0",,TRUE,,,ltsSmitty
2,0,Wolf bones,1,"2851,3927,0",,TRUE,,,ltsSmitty
2,0,Wolf bones,1,"2852,3919,0",,TRUE,,,ltsSmitty
2,0,Wolf bones,1,"2853,3924,0",,TRUE,,,ltsSmitty
2,0,Wolf bones,1,"2857,3945,0",,TRUE,,,ltsSmitty
2,0,Wolf bones,1,"2858,3944,0",,TRUE,,,ltsSmitty
7,0,Wooden shield,1,"3204,3515,0",y,x,,,